date,description,debit,credit,balance,account_suffix,domain,source,sub_source,rule_used,parse_confidence
2023-01-01,FreshMart Supermarket,119.16,,4880.84,xx9001,Groceries,expense,FreshMart,merchant_match,high
2023-01-01,FuelStop Petrol,86.31,,4794.53,xx9002,Vehicle Expenses,expense,FuelStop,merchant_match,high
2023-01-01,AutoSure Car Insurance,108.84,,4685.69,xx9001,Insurance,expense,AutoSure,merchant_match,high
2023-01-01,Fashion Outlet,64.77,,4620.92,xx9003,Clothing & Footwear,expense,Fashion Outlet,merchant_match,high
2023-01-01,CinemaWorld,28.02,,4592.90,xx9002,Social & Recreation,expense,CinemaWorld,merchant_match,high
2023-01-02,Home Loan Repayment,920.00,,3672.90,xx9001,Housing – Mortgage,expense,Home Loan,mortgage_pattern,high
2023-01-02,FreshMart Supermarket,111.98,,3560.92,xx9002,Groceries,expense,FreshMart,merchant_match,high
2023-01-02,Corner Grocer,47.22,,3513.70,xx9002,Groceries,expense,Corner Grocer,merchant_match,high
2023-01-02,FuelStop Petrol,61.99,,3451.71,xx9003,Vehicle Expenses,expense,FuelStop,merchant_match,high
2023-01-03,BeanCo Coffee,11.74,,3439.97,xx9001,Dining Out & Takeaway,expense,BeanCo,merchant_match,high
2023-01-03,FibreNet Internet,85.00,,3354.97,xx9002,Communications & Internet,expense,FibreNet,merchant_match,high
2023-01-03,Big Box Hardware,80.10,,3274.87,xx9003,Home & Garden,expense,Big Box Hardware,merchant_match,high
2023-01-04,Salary Employer A,,3407.82,6682.69,xx9001,INCOME,income,Employer A — Wage,income_match,high
2023-01-04,Salary Employer B,,2729.10,9411.79,xx9001,INCOME,income,Employer B — Wage,income_match,high
2023-01-04,FastFoods Drive-Thru,25.02,,9386.77,xx9001,Dining Out & Takeaway,expense,FastFoods,merchant_match,high
2023-01-04,CityRail,6.18,,9380.59,xx9003,Transport & Parking,expense,CityRail,merchant_match,high
2023-01-04,Mini Golf Co,36.29,,9344.30,xx9001,Social & Recreation,expense,Mini Golf Co,merchant_match,high
2023-01-04,Online Learning,45.00,,9299.30,xx9001,Education & Training,expense,Online Learning,merchant_match,high
2023-01-05,WineCellar,88.08,,9211.22,xx9001,Alcohol,expense,WineCellar,merchant_match,high
2023-01-05,Travel Agency,458.96,,8752.26,xx9001,Holidays & Travel,expense,Travel Agency,merchant_match,high
2023-01-06,HomeSafe Insurance,170.51,,8581.75,xx9001,Insurance,expense,HomeSafe,merchant_match,high
2023-01-06,Hairdresser,35.49,,8546.26,xx9001,Personal Care,expense,Hairdresser,merchant_match,high
2023-01-06,Charity Foundation,25.00,,8521.26,xx9002,Donations & Charity,expense,Charity Foundation,merchant_match,high
2023-01-07,FuelStop Petrol,76.60,,8444.66,xx9001,Vehicle Expenses,expense,FuelStop,merchant_match,high
2023-01-07,CityRail,10.10,,8434.56,xx9003,Transport & Parking,expense,CityRail,merchant_match,high
2023-01-07,LocalBrewery,18.68,,8415.88,xx9001,Alcohol,expense,LocalBrewery,merchant_match,high
2023-01-07,Birthday Gift Shop,89.38,,8326.50,xx9002,Gifts,expense,Birthday Gift Shop,merchant_match,high
2023-01-08,FuelStop Petrol,76.62,,8249.88,xx9002,Vehicle Expenses,expense,FuelStop,merchant_match,high
2023-01-08,Beauty Spa,70.38,,8179.50,xx9001,Personal Care,expense,Beauty Spa,merchant_match,high
2023-01-08,Online Learning,45.00,,8134.50,xx9002,Education & Training,expense,Online Learning,merchant_match,high
2023-01-09,Home Loan Repayment,920.00,,7214.50,xx9001,Housing – Mortgage,expense,Home Loan,mortgage_pattern,high
2023-01-09,YogaStudio,45.00,,7169.50,xx9003,Sport & Hobbies,expense,YogaStudio,merchant_match,high
2023-01-10,FreshMart Supermarket,124.01,,7045.49,xx9003,Groceries,expense,FreshMart,merchant_match,high
2023-01-10,FuelStop Petrol,85.54,,6959.95,xx9001,Vehicle Expenses,expense,FuelStop,merchant_match,high
2023-01-10,CityRail,6.39,,6953.56,xx9003,Transport & Parking,expense,CityRail,merchant_match,high
2023-01-10,Parking Authority,10.69,,6942.87,xx9001,Transport & Parking,expense,Parking Authority,merchant_match,high
2023-01-11,FuelStop Petrol,77.46,,6865.41,xx9003,Vehicle Expenses,expense,FuelStop,merchant_match,high
2023-01-11,CityRail,7.88,,6857.53,xx9003,Transport & Parking,expense,CityRail,merchant_match,high
2023-01-11,Parking Authority,5.46,,6852.07,xx9003,Transport & Parking,expense,Parking Authority,merchant_match,high
2023-01-11,MusicCloud,12.00,,6840.07,xx9003,Media Subscriptions,expense,MusicCloud,merchant_match,high
2023-01-11,Charity Foundation,25.00,,6815.07,xx9002,Donations & Charity,expense,Charity Foundation,merchant_match,high
2023-01-12,FreshMart Supermarket,96.27,,6718.80,xx9002,Groceries,expense,FreshMart,merchant_match,high
2023-01-12,BeanCo Coffee,12.18,,6706.62,xx9003,Dining Out & Takeaway,expense,BeanCo,merchant_match,high
2023-01-12,CityPharmacy,37.22,,6669.40,xx9003,Medical & Health,expense,CityPharmacy,merchant_match,high
2023-01-12,FitnessFirst Gym,65.00,,6604.40,xx9002,Sport & Hobbies,expense,FitnessFirst,merchant_match,high
2023-01-13,FastFoods Drive-Thru,16.68,,6587.72,xx9003,Dining Out & Takeaway,expense,FastFoods,merchant_match,high
2023-01-13,FuelStop Petrol,78.76,,6508.96,xx9003,Vehicle Expenses,expense,FuelStop,merchant_match,high
2023-01-14,BeanCo Coffee,15.61,,6493.35,xx9002,Dining Out & Takeaway,expense,BeanCo,merchant_match,high
2023-01-14,ShoeStore,80.95,,6412.40,xx9002,Clothing & Footwear,expense,ShoeStore,merchant_match,high
2023-01-15,Fashion Outlet,147.95,,6264.45,xx9002,Clothing & Footwear,expense,Fashion Outlet,merchant_match,high
2023-01-16,Home Loan Repayment,920.00,,5344.45,xx9001,Housing – Mortgage,expense,Home Loan,mortgage_pattern,high
2023-01-16,Big Box Hardware,1.00,,5343.45,xx9002,Home & Garden,expense,Big Box Hardware,merchant_match,high
2023-01-16,WineCellar,37.86,,5305.59,xx9003,Alcohol,expense,WineCellar,merchant_match,high
2023-01-17,FreshMart Supermarket,133.44,,5172.15,xx9001,Groceries,expense,FreshMart,merchant_match,high
2023-01-17,FastFoods Drive-Thru,26.00,,5146.15,xx9002,Dining Out & Takeaway,expense,FastFoods,merchant_match,high
2023-01-17,AutoSure Car Insurance,107.99,,5038.16,xx9002,Insurance,expense,AutoSure,merchant_match,high
2023-01-17,CityPharmacy,42.82,,4995.34,xx9002,Medical & Health,expense,CityPharmacy,merchant_match,high
2023-01-18,Salary Employer A,,3586.51,8581.85,xx9001,INCOME,income,Employer A — Wage,income_match,high
2023-01-18,Salary Employer B,,2607.66,11189.51,xx9001,INCOME,income,Employer B — Wage,income_match,high
2023-01-18,FreshMart Supermarket,94.44,,11095.07,xx9001,Groceries,expense,FreshMart,merchant_match,high
2023-01-18,Corner Grocer,34.52,,11060.55,xx9002,Groceries,expense,Corner Grocer,merchant_match,high
2023-01-18,HealthShield Insurance,234.03,,10826.52,xx9001,Insurance,expense,HealthShield,merchant_match,high
2023-01-18,CityPharmacy,27.80,,10798.72,xx9002,Medical & Health,expense,CityPharmacy,merchant_match,high
2023-01-19,BeanCo Coffee,12.22,,10786.50,xx9001,Dining Out & Takeaway,expense,BeanCo,merchant_match,high
2023-01-19,CityRail,10.19,,10776.31,xx9001,Transport & Parking,expense,CityRail,merchant_match,high
2023-01-19,HomePower Utilities,305.81,,10470.50,xx9002,Utilities & Rates,expense,HomePower,merchant_match,high
2023-01-19,Birthday Gift Shop,71.10,,10399.40,xx9002,Gifts,expense,Birthday Gift Shop,merchant_match,high
2023-01-20,Pizza Palace,23.12,,10376.28,xx9002,Dining Out & Takeaway,expense,Pizza Palace,merchant_match,high
2023-01-20,Council Rates,431.98,,9944.30,xx9003,Utilities & Rates,expense,Council Rates,merchant_match,high
2023-01-20,Telco Plus Mobile,60.00,,9884.30,xx9002,Communications & Internet,expense,Telco Plus,merchant_match,high
2023-01-20,Online Learning,45.00,,9839.30,xx9003,Education & Training,expense,Online Learning,merchant_match,high
2023-01-21,BeanCo Coffee,10.13,,9829.17,xx9001,Dining Out & Takeaway,expense,BeanCo,merchant_match,high
2023-01-21,CityRail,10.19,,9818.98,xx9001,Transport & Parking,expense,CityRail,merchant_match,high
2023-01-22,FuelStop Petrol,95.28,,9723.70,xx9001,Vehicle Expenses,expense,FuelStop,merchant_match,high
2023-01-22,Beauty Spa,95.20,,9628.50,xx9003,Personal Care,expense,Beauty Spa,merchant_match,high
2023-01-22,Australia Post,24.31,,9604.19,xx9001,Administrative & Post,expense,Australia Post,merchant_match,high
2023-01-23,Home Loan Repayment,920.00,,8684.19,xx9001,Housing – Mortgage,expense,Home Loan,mortgage_pattern,high
2023-01-23,CityRail,8.24,,8675.95,xx9001,Transport & Parking,expense,CityRail,merchant_match,high
2023-01-23,PetSupplies Co,68.20,,8607.75,xx9003,Pet Expenses,expense,PetSupplies,merchant_match,high
2023-01-24,FuelStop Petrol,83.01,,8524.74,xx9001,Vehicle Expenses,expense,FuelStop,merchant_match,high
2023-01-25,BeanCo Coffee,10.66,,8514.08,xx9003,Dining Out & Takeaway,expense,BeanCo,merchant_match,high
2023-01-25,FastFoods Drive-Thru,21.31,,8492.77,xx9002,Dining Out & Takeaway,expense,FastFoods,merchant_match,high
2023-01-25,FuelStop Petrol,79.67,,8413.10,xx9003,Vehicle Expenses,expense,FuelStop,merchant_match,high
2023-01-26,FastFoods Drive-Thru,32.98,,8380.12,xx9002,Dining Out & Takeaway,expense,FastFoods,merchant_match,high
2023-01-26,HomeSafe Insurance,177.33,,8202.79,xx9001,Insurance,expense,HomeSafe,merchant_match,high
2023-01-26,Birthday Gift Shop,75.65,,8127.14,xx9002,Gifts,expense,Birthday Gift Shop,merchant_match,high
2023-01-27,Hairdresser,43.19,,8083.95,xx9001,Personal Care,expense,Hairdresser,merchant_match,high
2023-01-28,FreshMart Supermarket,98.77,,7985.18,xx9002,Groceries,expense,FreshMart,merchant_match,high
2023-01-28,FastFoods Drive-Thru,23.47,,7961.71,xx9002,Dining Out & Takeaway,expense,FastFoods,merchant_match,high
2023-01-28,CityPharmacy,35.38,,7926.33,xx9003,Medical & Health,expense,CityPharmacy,merchant_match,high
2023-01-28,Hairdresser,54.05,,7872.28,xx9001,Personal Care,expense,Hairdresser,merchant_match,high
2023-01-28,Online Learning,45.00,,7827.28,xx9003,Education & Training,expense,Online Learning,merchant_match,high
2023-01-29,BeanCo Coffee,11.98,,7815.30,xx9002,Dining Out & Takeaway,expense,BeanCo,merchant_match,high
2023-01-29,FuelStop Petrol,79.77,,7735.53,xx9001,Vehicle Expenses,expense,FuelStop,merchant_match,high
2023-01-29,HomePower Utilities,309.67,,7425.86,xx9002,Utilities & Rates,expense,HomePower,merchant_match,high
2023-01-29,Fashion Outlet,77.24,,7348.62,xx9001,Clothing & Footwear,expense,Fashion Outlet,merchant_match,high
2023-01-29,Charity Foundation,25.00,,7323.62,xx9001,Donations & Charity,expense,Charity Foundation,merchant_match,high
2023-01-30,Home Loan Repayment,920.00,,6403.62,xx9001,Housing – Mortgage,expense,Home Loan,mortgage_pattern,high
2023-01-30,BeanCo Coffee,14.63,,6388.99,xx9003,Dining Out & Takeaway,expense,BeanCo,merchant_match,high
2023-01-30,Big Box Hardware,32.78,,6356.21,xx9002,Home & Garden,expense,Big Box Hardware,merchant_match,high
2023-01-30,Fashion Outlet,137.73,,6218.48,xx9001,Clothing & Footwear,expense,Fashion Outlet,merchant_match,high
2023-01-30,CinemaWorld,34.52,,6183.96,xx9001,Social & Recreation,expense,CinemaWorld,merchant_match,high
2023-01-31,FreshMart Supermarket,154.07,,6029.89,xx9001,Groceries,expense,FreshMart,merchant_match,high
2023-01-31,Pizza Palace,42.18,,5987.71,xx9003,Dining Out & Takeaway,expense,Pizza Palace,merchant_match,high
2023-01-31,AutoSure Car Insurance,108.03,,5879.68,xx9003,Insurance,expense,AutoSure,merchant_match,high
2023-01-31,StreamFlix,19.00,,5860.68,xx9002,Media Subscriptions,expense,StreamFlix,merchant_match,high
2023-02-01,Salary Employer A,,3186.01,9046.69,xx9001,INCOME,income,Employer A — Wage,income_match,high
2023-02-01,Salary Employer B,,2746.34,11793.03,xx9001,INCOME,income,Employer B — Wage,income_match,high
2023-02-01,BeanCo Coffee,12.03,,11781.00,xx9002,Dining Out & Takeaway,expense,BeanCo,merchant_match,high
2023-02-01,Hairdresser,45.09,,11735.91,xx9003,Personal Care,expense,Hairdresser,merchant_match,high
2023-02-02,BeanCo Coffee,11.32,,11724.59,xx9003,Dining Out & Takeaway,expense,BeanCo,merchant_match,high
2023-02-02,FuelStop Petrol,76.12,,11648.47,xx9002,Vehicle Expenses,expense,FuelStop,merchant_match,high
2023-02-02,CityRail,9.07,,11639.40,xx9002,Transport & Parking,expense,CityRail,merchant_match,high
2023-02-02,CityPharmacy,28.88,,11610.52,xx9001,Medical & Health,expense,CityPharmacy,merchant_match,high
2023-02-02,StreamFlix,19.00,,11591.52,xx9002,Media Subscriptions,expense,StreamFlix,merchant_match,high
2023-02-03,BeanCo Coffee,14.70,,11576.82,xx9001,Dining Out & Takeaway,expense,BeanCo,merchant_match,high
2023-02-03,FastFoods Drive-Thru,24.68,,11552.14,xx9003,Dining Out & Takeaway,expense,FastFoods,merchant_match,high
2023-02-03,CityRail,7.67,,11544.47,xx9001,Transport & Parking,expense,CityRail,merchant_match,high
2023-02-04,FreshMart Supermarket,124.60,,11419.87,xx9003,Groceries,expense,FreshMart,merchant_match,high
2023-02-04,CityRail,5.69,,11414.18,xx9003,Transport & Parking,expense,CityRail,merchant_match,high
2023-02-04,PetSupplies Co,68.10,,11346.08,xx9002,Pet Expenses,expense,PetSupplies,merchant_match,high
2023-02-05,FreshMart Supermarket,126.20,,11219.88,xx9003,Groceries,expense,FreshMart,merchant_match,high
2023-02-05,Hairdresser,48.12,,11171.76,xx9002,Personal Care,expense,Hairdresser,merchant_match,high
2023-02-06,Home Loan Repayment,920.00,,10251.76,xx9001,Housing – Mortgage,expense,Home Loan,mortgage_pattern,high
2023-02-06,Pizza Palace,28.90,,10222.86,xx9002,Dining Out & Takeaway,expense,Pizza Palace,merchant_match,high
2023-02-06,FuelStop Petrol,74.08,,10148.78,xx9003,Vehicle Expenses,expense,FuelStop,merchant_match,high
2023-02-06,CityRail,8.03,,10140.75,xx9003,Transport & Parking,expense,CityRail,merchant_match,high
2023-02-06,WineCellar,35.80,,10104.95,xx9001,Alcohol,expense,WineCellar,merchant_match,high
2023-02-07,CityRail,7.25,,10097.70,xx9003,Transport & Parking,expense,CityRail,merchant_match,high
2023-02-07,MusicCloud,12.00,,10085.70,xx9001,Media Subscriptions,expense,MusicCloud,merchant_match,high
2023-02-07,Garden Nursery,20.42,,10065.28,xx9003,Home & Garden,expense,Garden Nursery,merchant_match,high
2023-02-07,BankFee,4.00,,10061.28,xx9001,Bank Fees,expense,BankFee,merchant_match,high
2023-02-08,FreshMart Supermarket,90.26,,9971.02,xx9001,Groceries,expense,FreshMart,merchant_match,high
2023-02-08,PetSupplies Co,40.90,,9930.12,xx9003,Pet Expenses,expense,PetSupplies,merchant_match,high
2023-02-09,FastFoods Drive-Thru,20.47,,9909.65,xx9001,Dining Out & Takeaway,expense,FastFoods,merchant_match,high
2023-02-09,MedCentre,78.71,,9830.94,xx9002,Medical & Health,expense,MedCentre,merchant_match,high
2023-02-10,Corner Grocer,50.29,,9780.65,xx9002,Groceries,expense,Corner Grocer,merchant_match,high
2023-02-10,CityRail,4.54,,9776.11,xx9001,Transport & Parking,expense,CityRail,merchant_match,high
2023-02-10,AutoSure Car Insurance,105.84,,9670.27,xx9003,Insurance,expense,AutoSure,merchant_match,high
2023-02-11,BeanCo Coffee,9.74,,9660.53,xx9003,Dining Out & Takeaway,expense,BeanCo,merchant_match,high
2023-02-11,FastFoods Drive-Thru,27.22,,9633.31,xx9002,Dining Out & Takeaway,expense,FastFoods,merchant_match,high
2023-02-12,FreshMart Supermarket,102.42,,9530.89,xx9002,Groceries,expense,FreshMart,merchant_match,high
2023-02-12,FastFoods Drive-Thru,25.73,,9505.16,xx9001,Dining Out & Takeaway,expense,FastFoods,merchant_match,high
2023-02-12,FuelStop Petrol,63.51,,9441.65,xx9003,Vehicle Expenses,expense,FuelStop,merchant_match,high
2023-02-12,Garden Nursery,26.62,,9415.03,xx9003,Home & Garden,expense,Garden Nursery,merchant_match,high
2023-02-12,Fashion Outlet,21.70,,9393.33,xx9003,Clothing & Footwear,expense,Fashion Outlet,merchant_match,high
2023-02-12,Hairdresser,64.80,,9328.53,xx9003,Personal Care,expense,Hairdresser,merchant_match,high
2023-02-13,Home Loan Repayment,920.00,,8408.53,xx9001,Housing – Mortgage,expense,Home Loan,mortgage_pattern,high
2023-02-13,BeanCo Coffee,8.73,,8399.80,xx9003,Dining Out & Takeaway,expense,BeanCo,merchant_match,high
2023-02-13,CityRail,4.45,,8395.35,xx9002,Transport & Parking,expense,CityRail,merchant_match,high
2023-02-13,StreamFlix,19.00,,8376.35,xx9003,Media Subscriptions,expense,StreamFlix,merchant_match,high
2023-02-13,Fashion Outlet,88.46,,8287.89,xx9003,Clothing & Footwear,expense,Fashion Outlet,merchant_match,high
2023-02-14,AutoSure Car Insurance,104.27,,8183.62,xx9001,Insurance,expense,AutoSure,merchant_match,high
2023-02-14,CityPharmacy,3.17,,8180.45,xx9003,Medical & Health,expense,CityPharmacy,merchant_match,high
2023-02-14,MusicCloud,12.00,,8168.45,xx9003,Media Subscriptions,expense,MusicCloud,merchant_match,high
2023-02-14,Australia Post,7.71,,8160.74,xx9003,Administrative & Post,expense,Australia Post,merchant_match,high
2023-02-15,Salary Employer A,,3749.73,11910.47,xx9001,INCOME,income,Employer A — Wage,income_match,high
2023-02-15,Salary Employer B,,2822.47,14732.94,xx9001,INCOME,income,Employer B — Wage,income_match,high
2023-02-15,FreshMart Supermarket,116.72,,14616.22,xx9002,Groceries,expense,FreshMart,merchant_match,high
2023-02-15,BeanCo Coffee,13.73,,14602.49,xx9003,Dining Out & Takeaway,expense,BeanCo,merchant_match,high
2023-02-15,CityRail,8.68,,14593.81,xx9003,Transport & Parking,expense,CityRail,merchant_match,high
2023-02-15,FibreNet Internet,85.00,,14508.81,xx9003,Communications & Internet,expense,FibreNet,merchant_match,high
2023-02-15,Big Box Hardware,93.40,,14415.41,xx9003,Home & Garden,expense,Big Box Hardware,merchant_match,high
2023-02-15,Australia Post,7.38,,14408.03,xx9003,Administrative & Post,expense,Australia Post,merchant_match,high
2023-02-15,OnceOff Repair,206.74,,14201.29,xx9003,One-off Expenses,expense,OnceOff Repair,merchant_match,high
2023-02-16,BeanCo Coffee,11.20,,14190.09,xx9003,Dining Out & Takeaway,expense,BeanCo,merchant_match,high
2023-02-16,CityRail,9.23,,14180.86,xx9002,Transport & Parking,expense,CityRail,merchant_match,high
2023-02-17,Telco Plus Mobile,60.00,,14120.86,xx9002,Communications & Internet,expense,Telco Plus,merchant_match,high
2023-02-17,WineCellar,42.17,,14078.69,xx9001,Alcohol,expense,WineCellar,merchant_match,high
2023-02-17,LocalBrewery,34.99,,14043.70,xx9001,Alcohol,expense,LocalBrewery,merchant_match,high
2023-02-17,Australia Post,16.99,,14026.71,xx9002,Administrative & Post,expense,Australia Post,merchant_match,high
2023-02-18,Council Rates,431.21,,13595.50,xx9001,Utilities & Rates,expense,Council Rates,merchant_match,high
2023-02-18,BookworldOnline,16.00,,13579.50,xx9003,Media Subscriptions,expense,BookworldOnline,merchant_match,high
2023-02-18,StreamFlix,19.00,,13560.50,xx9003,Media Subscriptions,expense,StreamFlix,merchant_match,high
2023-02-18,BankFee,4.00,,13556.50,xx9002,Bank Fees,expense,BankFee,merchant_match,high
2023-02-19,BeanCo Coffee,8.82,,13547.68,xx9003,Dining Out & Takeaway,expense,BeanCo,merchant_match,high
2023-02-19,CityRail,10.21,,13537.47,xx9002,Transport & Parking,expense,CityRail,merchant_match,high
2023-02-19,Telco Plus Mobile,60.00,,13477.47,xx9003,Communications & Internet,expense,Telco Plus,merchant_match,high
2023-02-19,BankFee,4.00,,13473.47,xx9001,Bank Fees,expense,BankFee,merchant_match,high
2023-02-20,Home Loan Repayment,920.00,,12553.47,xx9001,Housing – Mortgage,expense,Home Loan,mortgage_pattern,high
2023-02-20,Pizza Palace,28.89,,12524.58,xx9001,Dining Out & Takeaway,expense,Pizza Palace,merchant_match,high
2023-02-20,FastFoods Drive-Thru,29.43,,12495.15,xx9002,Dining Out & Takeaway,expense,FastFoods,merchant_match,high
2023-02-20,AutoSure Car Insurance,81.32,,12413.83,xx9002,Insurance,expense,AutoSure,merchant_match,high
2023-02-20,MedCentre,54.13,,12359.70,xx9003,Medical & Health,expense,MedCentre,merchant_match,high
2023-02-20,Big Box Hardware,85.48,,12274.22,xx9003,Home & Garden,expense,Big Box Hardware,merchant_match,high
2023-02-20,Accounting Services,350.00,,11924.22,xx9003,Accounting & Tax,expense,Accounting Services,merchant_match,high
2023-02-21,FastFoods Drive-Thru,27.86,,11896.36,xx9003,Dining Out & Takeaway,expense,FastFoods,merchant_match,high
2023-02-21,CityRail,9.98,,11886.38,xx9002,Transport & Parking,expense,CityRail,merchant_match,high
2023-02-21,Fashion Outlet,82.77,,11803.61,xx9002,Clothing & Footwear,expense,Fashion Outlet,merchant_match,high
2023-02-22,Corner Grocer,53.44,,11750.17,xx9001,Groceries,expense,Corner Grocer,merchant_match,high
2023-02-22,BeanCo Coffee,16.32,,11733.85,xx9003,Dining Out & Takeaway,expense,BeanCo,merchant_match,high
2023-02-23,FreshMart Supermarket,135.76,,11598.09,xx9001,Groceries,expense,FreshMart,merchant_match,high
2023-02-23,HomePower Utilities,223.61,,11374.48,xx9003,Utilities & Rates,expense,HomePower,merchant_match,high
2023-02-23,WineCellar,72.12,,11302.36,xx9001,Alcohol,expense,WineCellar,merchant_match,high
2023-02-24,FastFoods Drive-Thru,25.07,,11277.29,xx9002,Dining Out & Takeaway,expense,FastFoods,merchant_match,high
2023-02-24,CinemaWorld,27.09,,11250.20,xx9002,Social & Recreation,expense,CinemaWorld,merchant_match,high
2023-02-25,BeanCo Coffee,8.42,,11241.78,xx9002,Dining Out & Takeaway,expense,BeanCo,merchant_match,high
2023-02-25,Big Box Hardware,47.60,,11194.18,xx9001,Home & Garden,expense,Big Box Hardware,merchant_match,high
2023-02-26,FreshMart Supermarket,112.51,,11081.67,xx9001,Groceries,expense,FreshMart,merchant_match,high
2023-02-26,BeanCo Coffee,4.34,,11077.33,xx9003,Dining Out & Takeaway,expense,BeanCo,merchant_match,high
2023-02-27,Home Loan Repayment,920.00,,10157.33,xx9001,Housing – Mortgage,expense,Home Loan,mortgage_pattern,high
2023-02-27,BeanCo Coffee,8.53,,10148.80,xx9003,Dining Out & Takeaway,expense,BeanCo,merchant_match,high
2023-02-27,CityRail,8.53,,10140.27,xx9002,Transport & Parking,expense,CityRail,merchant_match,high
2023-02-28,Corner Grocer,45.68,,10094.59,xx9003,Groceries,expense,Corner Grocer,merchant_match,high
2023-02-28,BeanCo Coffee,10.16,,10084.43,xx9003,Dining Out & Takeaway,expense,BeanCo,merchant_match,high
2023-02-28,Fashion Outlet,102.74,,9981.69,xx9001,Clothing & Footwear,expense,Fashion Outlet,merchant_match,high
2023-03-01,Salary Employer A,,3742.92,13724.61,xx9001,INCOME,income,Employer A — Wage,income_match,high
2023-03-01,Salary Employer B,,2777.19,16501.80,xx9001,INCOME,income,Employer B — Wage,income_match,high
2023-03-01,FreshMart Supermarket,149.38,,16352.42,xx9001,Groceries,expense,FreshMart,merchant_match,high
2023-03-01,BeanCo Coffee,8.49,,16343.93,xx9002,Dining Out & Takeaway,expense,BeanCo,merchant_match,high
2023-03-01,Pizza Palace,22.24,,16321.69,xx9002,Dining Out & Takeaway,expense,Pizza Palace,merchant_match,high
2023-03-01,HomeSafe Insurance,182.11,,16139.58,xx9002,Insurance,expense,HomeSafe,merchant_match,high
2023-03-01,Fashion Outlet,123.35,,16016.23,xx9002,Clothing & Footwear,expense,Fashion Outlet,merchant_match,high
2023-03-02,FreshMart Supermarket,129.92,,15886.31,xx9003,Groceries,expense,FreshMart,merchant_match,high
2023-03-02,BeanCo Coffee,14.41,,15871.90,xx9001,Dining Out & Takeaway,expense,BeanCo,merchant_match,high
2023-03-02,LocalBrewery,61.79,,15810.11,xx9003,Alcohol,expense,LocalBrewery,merchant_match,high
2023-03-02,Mini Golf Co,39.70,,15770.41,xx9003,Social & Recreation,expense,Mini Golf Co,merchant_match,high
2023-03-03,Corner Grocer,36.85,,15733.56,xx9001,Groceries,expense,Corner Grocer,merchant_match,high
2023-03-03,CityPharmacy,52.93,,15680.63,xx9002,Medical & Health,expense,CityPharmacy,merchant_match,high
2023-03-03,WineCellar,60.30,,15620.33,xx9002,Alcohol,expense,WineCellar,merchant_match,high
2023-03-03,TechMegaStore,230.34,,15389.99,xx9002,Technology & Equipment,expense,TechMegaStore,merchant_match,high
2023-03-03,Australia Post,23.44,,15366.55,xx9003,Administrative & Post,expense,Australia Post,merchant_match,high
2023-03-04,CityRail,7.15,,15359.40,xx9003,Transport & Parking,expense,CityRail,merchant_match,high
2023-03-04,Telco Plus Mobile,60.00,,15299.40,xx9002,Communications & Internet,expense,Telco Plus,merchant_match,high
2023-03-04,MusicCloud,12.00,,15287.40,xx9002,Media Subscriptions,expense,MusicCloud,merchant_match,high
2023-03-05,Council Rates,436.90,,14850.50,xx9002,Utilities & Rates,expense,Council Rates,merchant_match,high
2023-03-05,AutoSure Car Insurance,98.71,,14751.79,xx9003,Insurance,expense,AutoSure,merchant_match,high
2023-03-06,Home Loan Repayment,920.00,,13831.79,xx9001,Housing – Mortgage,expense,Home Loan,mortgage_pattern,high
2023-03-06,FreshMart Supermarket,107.10,,13724.69,xx9002,Groceries,expense,FreshMart,merchant_match,high
2023-03-06,CityRail,7.36,,13717.33,xx9003,Transport & Parking,expense,CityRail,merchant_match,high
2023-03-06,HomeSafe Insurance,179.33,,13538.00,xx9001,Insurance,expense,HomeSafe,merchant_match,high
2023-03-06,CityPharmacy,49.04,,13488.96,xx9001,Medical & Health,expense,CityPharmacy,merchant_match,high
2023-03-06,Mini Golf Co,46.28,,13442.68,xx9001,Social & Recreation,expense,Mini Golf Co,merchant_match,high
2023-03-07,Corner Grocer,36.19,,13406.49,xx9002,Groceries,expense,Corner Grocer,merchant_match,high
2023-03-07,Parking Authority,17.39,,13389.10,xx9002,Transport & Parking,expense,Parking Authority,merchant_match,high
2023-03-07,MusicCloud,12.00,,13377.10,xx9001,Media Subscriptions,expense,MusicCloud,merchant_match,high
2023-03-08,Telco Plus Mobile,60.00,,13317.10,xx9002,Communications & Internet,expense,Telco Plus,merchant_match,high
2023-03-08,Fashion Outlet,97.81,,13219.29,xx9002,Clothing & Footwear,expense,Fashion Outlet,merchant_match,high
2023-03-08,CinemaWorld,25.75,,13193.54,xx9001,Social & Recreation,expense,CinemaWorld,merchant_match,high
2023-03-08,Australia Post,19.77,,13173.77,xx9002,Administrative & Post,expense,Australia Post,merchant_match,high
2023-03-10,FreshMart Supermarket,144.08,,13029.69,xx9003,Groceries,expense,FreshMart,merchant_match,high
2023-03-10,BeanCo Coffee,12.83,,13016.86,xx9003,Dining Out & Takeaway,expense,BeanCo,merchant_match,high
2023-03-10,Parking Authority,15.56,,13001.30,xx9001,Transport & Parking,expense,Parking Authority,merchant_match,high
2023-03-10,AutoSure Car Insurance,106.58,,12894.72,xx9002,Insurance,expense,AutoSure,merchant_match,high
2023-03-10,FitnessFirst Gym,65.00,,12829.72,xx9002,Sport & Hobbies,expense,FitnessFirst,merchant_match,high
2023-03-11,CityRail,5.96,,12823.76,xx9003,Transport & Parking,expense,CityRail,merchant_match,high
2023-03-11,Parking Authority,18.93,,12804.83,xx9001,Transport & Parking,expense,Parking Authority,merchant_match,high
2023-03-11,Beauty Spa,62.02,,12742.81,xx9001,Personal Care,expense,Beauty Spa,merchant_match,high
2023-03-12,Corner Grocer,28.27,,12714.54,xx9003,Groceries,expense,Corner Grocer,merchant_match,high
2023-03-12,PetSupplies Co,83.75,,12630.79,xx9002,Pet Expenses,expense,PetSupplies,merchant_match,high
2023-03-13,Home Loan Repayment,920.00,,11710.79,xx9001,Housing – Mortgage,expense,Home Loan,mortgage_pattern,high
2023-03-13,BeanCo Coffee,12.30,,11698.49,xx9001,Dining Out & Takeaway,expense,BeanCo,merchant_match,high
2023-03-13,Council Rates,428.86,,11269.63,xx9001,Utilities & Rates,expense,Council Rates,merchant_match,high
2023-03-14,HomePower Utilities,325.75,,10943.88,xx9003,Utilities & Rates,expense,HomePower,merchant_match,high
2023-03-15,Salary Employer A,,3393.64,14337.52,xx9001,INCOME,income,Employer A — Wage,income_match,high
2023-03-15,Salary Employer B,,3098.80,17436.32,xx9001,INCOME,income,Employer B — Wage,income_match,high
2023-03-15,FreshMart Supermarket,134.78,,17301.54,xx9001,Groceries,expense,FreshMart,merchant_match,high
2023-03-15,BeanCo Coffee,15.05,,17286.49,xx9002,Dining Out & Takeaway,expense,BeanCo,merchant_match,high
2023-03-15,FastFoods Drive-Thru,28.95,,17257.54,xx9002,Dining Out & Takeaway,expense,FastFoods,merchant_match,high
2023-03-15,Telco Plus Mobile,60.00,,17197.54,xx9002,Communications & Internet,expense,Telco Plus,merchant_match,high
2023-03-15,WineCellar,37.99,,17159.55,xx9003,Alcohol,expense,WineCellar,merchant_match,high
2023-03-15,LocalBrewery,43.13,,17116.42,xx9002,Alcohol,expense,LocalBrewery,merchant_match,high
2023-03-15,BankFee,4.00,,17112.42,xx9002,Bank Fees,expense,BankFee,merchant_match,high
2023-03-16,TechMegaStore,37.16,,17075.26,xx9002,Technology & Equipment,expense,TechMegaStore,merchant_match,high
2023-03-17,Council Rates,465.45,,16609.81,xx9003,Utilities & Rates,expense,Council Rates,merchant_match,high
2023-03-18,BeanCo Coffee,16.01,,16593.80,xx9002,Dining Out & Takeaway,expense,BeanCo,merchant_match,high
2023-03-18,Parking Authority,16.09,,16577.71,xx9002,Transport & Parking,expense,Parking Authority,merchant_match,high
2023-03-19,MusicCloud,12.00,,16565.71,xx9002,Media Subscriptions,expense,MusicCloud,merchant_match,high
2023-03-19,Big Box Hardware,83.03,,16482.68,xx9002,Home & Garden,expense,Big Box Hardware,merchant_match,high
2023-03-19,Fashion Outlet,56.55,,16426.13,xx9001,Clothing & Footwear,expense,Fashion Outlet,merchant_match,high
2023-03-20,Home Loan Repayment,920.00,,15506.13,xx9001,Housing – Mortgage,expense,Home Loan,mortgage_pattern,high
2023-03-20,FreshMart Supermarket,100.97,,15405.16,xx9003,Groceries,expense,FreshMart,merchant_match,high
2023-03-20,BeanCo Coffee,12.69,,15392.47,xx9002,Dining Out & Takeaway,expense,BeanCo,merchant_match,high
2023-03-20,Council Rates,446.69,,14945.78,xx9002,Utilities & Rates,expense,Council Rates,merchant_match,high
2023-03-21,FreshMart Supermarket,89.86,,14855.92,xx9001,Groceries,expense,FreshMart,merchant_match,high
2023-03-21,FastFoods Drive-Thru,21.45,,14834.47,xx9002,Dining Out & Takeaway,expense,FastFoods,merchant_match,high
2023-03-24,BeanCo Coffee,11.05,,14823.42,xx9001,Dining Out & Takeaway,expense,BeanCo,merchant_match,high
2023-03-24,Pizza Palace,29.91,,14793.51,xx9003,Dining Out & Takeaway,expense,Pizza Palace,merchant_match,high
2023-03-24,Big Box Hardware,79.57,,14713.94,xx9002,Home & Garden,expense,Big Box Hardware,merchant_match,high
2023-03-24,ShoeStore,140.88,,14573.06,xx9003,Clothing & Footwear,expense,ShoeStore,merchant_match,high
2023-03-24,WineCellar,62.38,,14510.68,xx9001,Alcohol,expense,WineCellar,merchant_match,high
2023-03-25,FreshMart Supermarket,82.38,,14428.30,xx9001,Groceries,expense,FreshMart,merchant_match,high
2023-03-25,CityRail,6.83,,14421.47,xx9002,Transport & Parking,expense,CityRail,merchant_match,high
2023-03-25,Australia Post,26.10,,14395.37,xx9003,Administrative & Post,expense,Australia Post,merchant_match,high
2023-03-26,FuelStop Petrol,72.19,,14323.18,xx9001,Vehicle Expenses,expense,FuelStop,merchant_match,high
2023-03-26,Fashion Outlet,50.27,,14272.91,xx9003,Clothing & Footwear,expense,Fashion Outlet,merchant_match,high
2023-03-27,Home Loan Repayment,920.00,,13352.91,xx9001,Housing – Mortgage,expense,Home Loan,mortgage_pattern,high
2023-03-27,CityRail,8.04,,13344.87,xx9001,Transport & Parking,expense,CityRail,merchant_match,high
2023-03-27,WaterCorp,133.53,,13211.34,xx9003,Utilities & Rates,expense,WaterCorp,merchant_match,high
2023-03-27,MedCentre,53.45,,13157.89,xx9003,Medical & Health,expense,MedCentre,merchant_match,high
2023-03-27,Big Box Hardware,59.22,,13098.67,xx9003,Home & Garden,expense,Big Box Hardware,merchant_match,high
2023-03-27,TechMegaStore,274.26,,12824.41,xx9003,Technology & Equipment,expense,TechMegaStore,merchant_match,high
2023-03-28,FuelStop Petrol,91.99,,12732.42,xx9001,Vehicle Expenses,expense,FuelStop,merchant_match,high
2023-03-28,PetSupplies Co,43.38,,12689.04,xx9003,Pet Expenses,expense,PetSupplies,merchant_match,high
2023-03-29,Salary Employer A,,3520.64,16209.68,xx9001,INCOME,income,Employer A — Wage,income_match,high
2023-03-29,Salary Employer B,,2735.12,18944.80,xx9001,INCOME,income,Employer B — Wage,income_match,high
2023-03-29,Parking Authority,9.45,,18935.35,xx9002,Transport & Parking,expense,Parking Authority,merchant_match,high
2023-03-29,WaterCorp,117.26,,18818.09,xx9003,Utilities & Rates,expense,WaterCorp,merchant_match,high
2023-03-30,FuelStop Petrol,93.19,,18724.90,xx9001,Vehicle Expenses,expense,FuelStop,merchant_match,high
2023-03-30,PetSupplies Co,54.02,,18670.88,xx9001,Pet Expenses,expense,PetSupplies,merchant_match,high
2023-03-30,FitnessFirst Gym,65.00,,18605.88,xx9002,Sport & Hobbies,expense,FitnessFirst,merchant_match,high
2023-03-31,FreshMart Supermarket,154.75,,18451.13,xx9002,Groceries,expense,FreshMart,merchant_match,high
2023-03-31,BeanCo Coffee,17.38,,18433.75,xx9003,Dining Out & Takeaway,expense,BeanCo,merchant_match,high
2023-03-31,CityRail,7.03,,18426.72,xx9001,Transport & Parking,expense,CityRail,merchant_match,high
2023-03-31,YogaStudio,45.00,,18381.72,xx9001,Sport & Hobbies,expense,YogaStudio,merchant_match,high
2023-04-01,FreshMart Supermarket,136.07,,18245.65,xx9001,Groceries,expense,FreshMart,merchant_match,high
2023-04-01,Corner Grocer,44.09,,18201.56,xx9002,Groceries,expense,Corner Grocer,merchant_match,high
2023-04-01,BeanCo Coffee,13.68,,18187.88,xx9001,Dining Out & Takeaway,expense,BeanCo,merchant_match,high
2023-04-01,FuelStop Petrol,75.24,,18112.64,xx9003,Vehicle Expenses,expense,FuelStop,merchant_match,high
2023-04-01,Parking Authority,9.33,,18103.31,xx9003,Transport & Parking,expense,Parking Authority,merchant_match,high
2023-04-01,Telco Plus Mobile,60.00,,18043.31,xx9003,Communications & Internet,expense,Telco Plus,merchant_match,high
2023-04-03,Home Loan Repayment,920.00,,17123.31,xx9001,Housing – Mortgage,expense,Home Loan,mortgage_pattern,high
2023-04-03,BeanCo Coffee,10.56,,17112.75,xx9001,Dining Out & Takeaway,expense,BeanCo,merchant_match,high
2023-04-03,CityPharmacy,17.76,,17094.99,xx9003,Medical & Health,expense,CityPharmacy,merchant_match,high
2023-04-03,Fashion Outlet,62.57,,17032.42,xx9002,Clothing & Footwear,expense,Fashion Outlet,merchant_match,high
2023-04-03,LocalBrewery,52.68,,16979.74,xx9001,Alcohol,expense,LocalBrewery,merchant_match,high
2023-04-03,Hairdresser,53.76,,16925.98,xx9003,Personal Care,expense,Hairdresser,merchant_match,high
2023-04-04,FastFoods Drive-Thru,18.25,,16907.73,xx9003,Dining Out & Takeaway,expense,FastFoods,merchant_match,high
2023-04-04,Parking Authority,19.85,,16887.88,xx9002,Transport & Parking,expense,Parking Authority,merchant_match,high
2023-04-05,Corner Grocer,47.53,,16840.35,xx9003,Groceries,expense,Corner Grocer,merchant_match,high
2023-04-05,BeanCo Coffee,14.69,,16825.66,xx9002,Dining Out & Takeaway,expense,BeanCo,merchant_match,high
2023-04-05,FastFoods Drive-Thru,22.22,,16803.44,xx9003,Dining Out & Takeaway,expense,FastFoods,merchant_match,high
2023-04-05,CityPharmacy,27.96,,16775.48,xx9002,Medical & Health,expense,CityPharmacy,merchant_match,high
2023-04-06,CityRail,8.53,,16766.95,xx9001,Transport & Parking,expense,CityRail,merchant_match,high
2023-04-06,Parking Authority,14.03,,16752.92,xx9001,Transport & Parking,expense,Parking Authority,merchant_match,high
2023-04-06,AutoSure Car Insurance,95.65,,16657.27,xx9002,Insurance,expense,AutoSure,merchant_match,high
2023-04-06,StreamFlix,19.00,,16638.27,xx9002,Media Subscriptions,expense,StreamFlix,merchant_match,high
2023-04-07,CityRail,7.18,,16631.09,xx9002,Transport & Parking,expense,CityRail,merchant_match,high
2023-04-09,Corner Grocer,52.53,,16578.56,xx9003,Groceries,expense,Corner Grocer,merchant_match,high
2023-04-09,BeanCo Coffee,15.29,,16563.27,xx9001,Dining Out & Takeaway,expense,BeanCo,merchant_match,high
2023-04-09,FastFoods Drive-Thru,24.98,,16538.29,xx9002,Dining Out & Takeaway,expense,FastFoods,merchant_match,high
2023-04-09,CityRail,8.67,,16529.62,xx9001,Transport & Parking,expense,CityRail,merchant_match,high
2023-04-09,Parking Authority,15.16,,16514.46,xx9001,Transport & Parking,expense,Parking Authority,merchant_match,high
2023-04-09,MedCentre,124.61,,16389.85,xx9001,Medical & Health,expense,MedCentre,merchant_match,high
2023-04-09,Fashion Outlet,81.81,,16308.04,xx9002,Clothing & Footwear,expense,Fashion Outlet,merchant_match,high
2023-04-09,LocalBrewery,45.66,,16262.38,xx9001,Alcohol,expense,LocalBrewery,merchant_match,high
2023-04-10,Home Loan Repayment,920.00,,15342.38,xx9001,Housing – Mortgage,expense,Home Loan,mortgage_pattern,high
2023-04-10,BeanCo Coffee,9.75,,15332.63,xx9002,Dining Out & Takeaway,expense,BeanCo,merchant_match,high
2023-04-10,FastFoods Drive-Thru,13.32,,15319.31,xx9002,Dining Out & Takeaway,expense,FastFoods,merchant_match,high
2023-04-10,CityRail,8.72,,15310.59,xx9003,Transport & Parking,expense,CityRail,merchant_match,high
2023-04-10,WaterCorp,85.91,,15224.68,xx9003,Utilities & Rates,expense,WaterCorp,merchant_match,high
2023-04-10,MusicCloud,12.00,,15212.68,xx9001,Media Subscriptions,expense,MusicCloud,merchant_match,high
2023-04-11,BeanCo Coffee,14.00,,15198.68,xx9003,Dining Out & Takeaway,expense,BeanCo,merchant_match,high
2023-04-11,FastFoods Drive-Thru,15.37,,15183.31,xx9002,Dining Out & Takeaway,expense,FastFoods,merchant_match,high
2023-04-11,FuelStop Petrol,81.09,,15102.22,xx9001,Vehicle Expenses,expense,FuelStop,merchant_match,high
2023-04-11,Parking Authority,15.56,,15086.66,xx9001,Transport & Parking,expense,Parking Authority,merchant_match,high
2023-04-11,AutoSure Car Insurance,109.48,,14977.18,xx9003,Insurance,expense,AutoSure,merchant_match,high
2023-04-12,Salary Employer A,,3543.89,18521.07,xx9001,INCOME,income,Employer A — Wage,income_match,high
2023-04-12,Salary Employer B,,2791.07,21312.14,xx9001,INCOME,income,Employer B — Wage,income_match,high
2023-04-12,PetSupplies Co,80.15,,21231.99,xx9002,Pet Expenses,expense,PetSupplies,merchant_match,high
2023-04-13,BeanCo Coffee,14.97,,21217.02,xx9003,Dining Out & Takeaway,expense,BeanCo,merchant_match,high
2023-04-13,Pizza Palace,33.15,,21183.87,xx9001,Dining Out & Takeaway,expense,Pizza Palace,merchant_match,high
2023-04-13,FuelStop Petrol,94.03,,21089.84,xx9001,Vehicle Expenses,expense,FuelStop,merchant_match,high
2023-04-13,CityRail,9.99,,21079.85,xx9002,Transport & Parking,expense,CityRail,merchant_match,high
2023-04-13,Parking Authority,19.21,,21060.64,xx9002,Transport & Parking,expense,Parking Authority,merchant_match,high
2023-04-13,Big Box Hardware,69.27,,20991.37,xx9001,Home & Garden,expense,Big Box Hardware,merchant_match,high
2023-04-13,BankFee,4.00,,20987.37,xx9003,Bank Fees,expense,BankFee,merchant_match,high
2023-04-14,BeanCo Coffee,13.13,,20974.24,xx9002,Dining Out & Takeaway,expense,BeanCo,merchant_match,high
2023-04-14,AutoSure Car Insurance,101.94,,20872.30,xx9002,Insurance,expense,AutoSure,merchant_match,high
2023-04-15,BeanCo Coffee,13.74,,20858.56,xx9002,Dining Out & Takeaway,expense,BeanCo,merchant_match,high
2023-04-15,LocalBrewery,33.72,,20824.84,xx9002,Alcohol,expense,LocalBrewery,merchant_match,high
2023-04-15,FitnessFirst Gym,65.00,,20759.84,xx9001,Sport & Hobbies,expense,FitnessFirst,merchant_match,high
2023-04-16,VetCare Animal Hospital,146.66,,20613.18,xx9003,Pet Expenses,expense,VetCare,merchant_match,high
2023-04-16,YogaStudio,45.00,,20568.18,xx9001,Sport & Hobbies,expense,YogaStudio,merchant_match,high
2023-04-17,Home Loan Repayment,920.00,,19648.18,xx9001,Housing – Mortgage,expense,Home Loan,mortgage_pattern,high
2023-04-17,BeanCo Coffee,13.44,,19634.74,xx9001,Dining Out & Takeaway,expense,BeanCo,merchant_match,high
2023-04-17,CityPharmacy,46.57,,19588.17,xx9003,Medical & Health,expense,CityPharmacy,merchant_match,high
2023-04-17,Charity Foundation,25.00,,19563.17,xx9002,Donations & Charity,expense,Charity Foundation,merchant_match,high
2023-04-18,CityRail,9.17,,19554.00,xx9003,Transport & Parking,expense,CityRail,merchant_match,high
2023-04-18,FibreNet Internet,85.00,,19469.00,xx9002,Communications & Internet,expense,FibreNet,merchant_match,high
2023-04-18,Big Box Hardware,73.04,,19395.96,xx9003,Home & Garden,expense,Big Box Hardware,merchant_match,high
2023-04-18,Australia Post,20.08,,19375.88,xx9003,Administrative & Post,expense,Australia Post,merchant_match,high
2023-04-19,BeanCo Coffee,6.31,,19369.57,xx9002,Dining Out & Takeaway,expense,BeanCo,merchant_match,high
2023-04-20,CityRail,9.62,,19359.95,xx9002,Transport & Parking,expense,CityRail,merchant_match,high
2023-04-21,Parking Authority,16.95,,19343.00,xx9002,Transport & Parking,expense,Parking Authority,merchant_match,high
2023-04-22,WineCellar,61.15,,19281.85,xx9003,Alcohol,expense,WineCellar,merchant_match,high
2023-04-23,Corner Grocer,44.70,,19237.15,xx9001,Groceries,expense,Corner Grocer,merchant_match,high
2023-04-23,LocalBrewery,36.07,,19201.08,xx9003,Alcohol,expense,LocalBrewery,merchant_match,high
2023-04-24,Home Loan Repayment,920.00,,18281.08,xx9001,Housing – Mortgage,expense,Home Loan,mortgage_pattern,high
2023-04-24,FreshMart Supermarket,118.14,,18162.94,xx9001,Groceries,expense,FreshMart,merchant_match,high
2023-04-24,HomePower Utilities,269.10,,17893.84,xx9003,Utilities & Rates,expense,HomePower,merchant_match,high
2023-04-25,FreshMart Supermarket,94.74,,17799.10,xx9003,Groceries,expense,FreshMart,merchant_match,high
2023-04-25,Beauty Spa,67.50,,17731.60,xx9003,Personal Care,expense,Beauty Spa,merchant_match,high
2023-04-26,Salary Employer A,,3293.17,21024.77,xx9001,INCOME,income,Employer A — Wage,income_match,high
2023-04-26,Salary Employer B,,2809.00,23833.77,xx9001,INCOME,income,Employer B — Wage,income_match,high
2023-04-26,BeanCo Coffee,13.88,,23819.89,xx9002,Dining Out & Takeaway,expense,BeanCo,merchant_match,high
2023-04-26,FastFoods Drive-Thru,21.14,,23798.75,xx9002,Dining Out & Takeaway,expense,FastFoods,merchant_match,high
2023-04-26,CityRail,9.51,,23789.24,xx9002,Transport & Parking,expense,CityRail,merchant_match,high
2023-04-26,VetCare Animal Hospital,81.94,,23707.30,xx9003,Pet Expenses,expense,VetCare,merchant_match,high
2023-04-27,Corner Grocer,42.70,,23664.60,xx9001,Groceries,expense,Corner Grocer,merchant_match,high
2023-04-28,BeanCo Coffee,12.67,,23651.93,xx9003,Dining Out & Takeaway,expense,BeanCo,merchant_match,high
2023-04-28,PetSupplies Co,47.21,,23604.72,xx9001,Pet Expenses,expense,PetSupplies,merchant_match,high
2023-04-28,StreamFlix,19.00,,23585.72,xx9002,Media Subscriptions,expense,StreamFlix,merchant_match,high
2023-04-29,FastFoods Drive-Thru,23.59,,23562.13,xx9002,Dining Out & Takeaway,expense,FastFoods,merchant_match,high
2023-04-29,Parking Authority,13.32,,23548.81,xx9002,Transport & Parking,expense,Parking Authority,merchant_match,high
2023-04-30,FuelStop Petrol,100.52,,23448.29,xx9002,Vehicle Expenses,expense,FuelStop,merchant_match,high
2023-05-01,Home Loan Repayment,920.00,,22528.29,xx9001,Housing – Mortgage,expense,Home Loan,mortgage_pattern,high
2023-05-01,FreshMart Supermarket,112.59,,22415.70,xx9001,Groceries,expense,FreshMart,merchant_match,high
2023-05-01,FastFoods Drive-Thru,13.57,,22402.13,xx9003,Dining Out & Takeaway,expense,FastFoods,merchant_match,high
2023-05-01,Fashion Outlet,18.90,,22383.23,xx9003,Clothing & Footwear,expense,Fashion Outlet,merchant_match,high
2023-05-02,FastFoods Drive-Thru,28.93,,22354.30,xx9003,Dining Out & Takeaway,expense,FastFoods,merchant_match,high
2023-05-02,CityRail,8.49,,22345.81,xx9002,Transport & Parking,expense,CityRail,merchant_match,high
2023-05-02,WineCellar,60.04,,22285.77,xx9002,Alcohol,expense,WineCellar,merchant_match,high
2023-05-03,FastFoods Drive-Thru,29.16,,22256.61,xx9003,Dining Out & Takeaway,expense,FastFoods,merchant_match,high
2023-05-03,Parking Authority,15.04,,22241.57,xx9002,Transport & Parking,expense,Parking Authority,merchant_match,high
2023-05-03,HealthShield Insurance,222.96,,22018.61,xx9002,Insurance,expense,HealthShield,merchant_match,high
2023-05-04,CityRail,8.81,,22009.80,xx9002,Transport & Parking,expense,CityRail,merchant_match,high
2023-05-04,Parking Authority,13.24,,21996.56,xx9003,Transport & Parking,expense,Parking Authority,merchant_match,high
2023-05-04,CinemaWorld,31.57,,21964.99,xx9003,Social & Recreation,expense,CinemaWorld,merchant_match,high
2023-05-05,FreshMart Supermarket,81.97,,21883.02,xx9003,Groceries,expense,FreshMart,merchant_match,high
2023-05-05,HomePower Utilities,321.16,,21561.86,xx9003,Utilities & Rates,expense,HomePower,merchant_match,high
2023-05-05,Big Box Hardware,49.50,,21512.36,xx9001,Home & Garden,expense,Big Box Hardware,merchant_match,high
2023-05-05,Australia Post,16.17,,21496.19,xx9001,Administrative & Post,expense,Australia Post,merchant_match,high
2023-05-06,FreshMart Supermarket,117.58,,21378.61,xx9002,Groceries,expense,FreshMart,merchant_match,high
2023-05-06,Corner Grocer,49.56,,21329.05,xx9001,Groceries,expense,Corner Grocer,merchant_match,high
2023-05-06,Parking Authority,17.08,,21311.97,xx9003,Transport & Parking,expense,Parking Authority,merchant_match,high
2023-05-06,HealthShield Insurance,210.99,,21100.98,xx9003,Insurance,expense,HealthShield,merchant_match,high
2023-05-06,CityPharmacy,20.17,,21080.81,xx9003,Medical & Health,expense,CityPharmacy,merchant_match,high
2023-05-06,PetSupplies Co,64.86,,21015.95,xx9001,Pet Expenses,expense,PetSupplies,merchant_match,high
2023-05-06,WineCellar,62.61,,20953.34,xx9003,Alcohol,expense,WineCellar,merchant_match,high
2023-05-06,LocalBrewery,44.46,,20908.88,xx9002,Alcohol,expense,LocalBrewery,merchant_match,high
2023-05-06,FitnessFirst Gym,65.00,,20843.88,xx9001,Sport & Hobbies,expense,FitnessFirst,merchant_match,high
2023-05-07,FreshMart Supermarket,91.02,,20752.86,xx9002,Groceries,expense,FreshMart,merchant_match,high
2023-05-08,Home Loan Repayment,920.00,,19832.86,xx9001,Housing – Mortgage,expense,Home Loan,mortgage_pattern,high
2023-05-08,FreshMart Supermarket,54.45,,19778.41,xx9001,Groceries,expense,FreshMart,merchant_match,high
2023-05-08,FuelStop Petrol,91.62,,19686.79,xx9003,Vehicle Expenses,expense,FuelStop,merchant_match,high
2023-05-08,Parking Authority,18.81,,19667.98,xx9001,Transport & Parking,expense,Parking Authority,merchant_match,high
2023-05-08,CityPharmacy,48.72,,19619.26,xx9002,Medical & Health,expense,CityPharmacy,merchant_match,high
2023-05-08,MusicCloud,12.00,,19607.26,xx9002,Media Subscriptions,expense,MusicCloud,merchant_match,high
2023-05-09,CityRail,9.35,,19597.91,xx9003,Transport & Parking,expense,CityRail,merchant_match,high
2023-05-09,MedCentre,96.93,,19500.98,xx9002,Medical & Health,expense,MedCentre,merchant_match,high
2023-05-09,CityPharmacy,25.59,,19475.39,xx9002,Medical & Health,expense,CityPharmacy,merchant_match,high
2023-05-09,Mini Golf Co,46.16,,19429.23,xx9003,Social & Recreation,expense,Mini Golf Co,merchant_match,high
2023-05-09,TechMegaStore,299.51,,19129.72,xx9002,Technology & Equipment,expense,TechMegaStore,merchant_match,high
2023-05-10,Salary Employer A,,3517.97,22647.69,xx9001,INCOME,income,Employer A — Wage,income_match,high
2023-05-10,Salary Employer B,,2779.34,25427.03,xx9001,INCOME,income,Employer B — Wage,income_match,high
2023-05-10,FuelStop Petrol,92.36,,25334.67,xx9001,Vehicle Expenses,expense,FuelStop,merchant_match,high
2023-05-11,FreshMart Supermarket,153.88,,25180.79,xx9002,Groceries,expense,FreshMart,merchant_match,high
2023-05-11,FastFoods Drive-Thru,19.01,,25161.78,xx9003,Dining Out & Takeaway,expense,FastFoods,merchant_match,high
2023-05-11,HomePower Utilities,241.40,,24920.38,xx9001,Utilities & Rates,expense,HomePower,merchant_match,high
2023-05-11,CityPharmacy,48.45,,24871.93,xx9002,Medical & Health,expense,CityPharmacy,merchant_match,high
2023-05-11,Hairdresser,62.96,,24808.97,xx9001,Personal Care,expense,Hairdresser,merchant_match,high
2023-05-12,FuelStop Petrol,93.64,,24715.33,xx9003,Vehicle Expenses,expense,FuelStop,merchant_match,high
2023-05-12,Parking Authority,16.69,,24698.64,xx9001,Transport & Parking,expense,Parking Authority,merchant_match,high
2023-05-12,MedCentre,75.81,,24622.83,xx9001,Medical & Health,expense,MedCentre,merchant_match,high
2023-05-12,ShoeStore,99.23,,24523.60,xx9003,Clothing & Footwear,expense,ShoeStore,merchant_match,high
2023-05-12,WineCellar,18.68,,24504.92,xx9001,Alcohol,expense,WineCellar,merchant_match,high
2023-05-13,BeanCo Coffee,10.32,,24494.60,xx9003,Dining Out & Takeaway,expense,BeanCo,merchant_match,high
2023-05-13,FuelStop Petrol,60.17,,24434.43,xx9001,Vehicle Expenses,expense,FuelStop,merchant_match,high
2023-05-13,WineCellar,33.68,,24400.75,xx9003,Alcohol,expense,WineCellar,merchant_match,high
2023-05-13,Birthday Gift Shop,48.12,,24352.63,xx9001,Gifts,expense,Birthday Gift Shop,merchant_match,high
2023-05-14,MedCentre,41.11,,24311.52,xx9002,Medical & Health,expense,MedCentre,merchant_match,high
2023-05-14,StreamFlix,19.00,,24292.52,xx9001,Media Subscriptions,expense,StreamFlix,merchant_match,high
2023-05-14,WineCellar,67.95,,24224.57,xx9003,Alcohol,expense,WineCellar,merchant_match,high
2023-05-15,Home Loan Repayment,920.00,,23304.57,xx9001,Housing – Mortgage,expense,Home Loan,mortgage_pattern,high
2023-05-15,BeanCo Coffee,12.45,,23292.12,xx9003,Dining Out & Takeaway,expense,BeanCo,merchant_match,high
2023-05-15,WaterCorp,119.03,,23173.09,xx9002,Utilities & Rates,expense,WaterCorp,merchant_match,high
2023-05-15,AutoSure Car Insurance,113.91,,23059.18,xx9003,Insurance,expense,AutoSure,merchant_match,high
2023-05-15,TechMegaStore,96.80,,22962.38,xx9003,Technology & Equipment,expense,TechMegaStore,merchant_match,high
2023-05-16,Corner Grocer,43.18,,22919.20,xx9001,Groceries,expense,Corner Grocer,merchant_match,high
2023-05-16,Pizza Palace,37.18,,22882.02,xx9001,Dining Out & Takeaway,expense,Pizza Palace,merchant_match,high
2023-05-16,FuelStop Petrol,107.21,,22774.81,xx9003,Vehicle Expenses,expense,FuelStop,merchant_match,high
2023-05-17,VetCare Animal Hospital,155.18,,22619.63,xx9001,Pet Expenses,expense,VetCare,merchant_match,high
2023-05-18,FreshMart Supermarket,91.45,,22528.18,xx9003,Groceries,expense,FreshMart,merchant_match,high
2023-05-18,BeanCo Coffee,17.60,,22510.58,xx9003,Dining Out & Takeaway,expense,BeanCo,merchant_match,high
2023-05-18,Garden Nursery,55.84,,22454.74,xx9003,Home & Garden,expense,Garden Nursery,merchant_match,high
2023-05-18,WineCellar,61.89,,22392.85,xx9003,Alcohol,expense,WineCellar,merchant_match,high
2023-05-19,FreshMart Supermarket,136.19,,22256.66,xx9002,Groceries,expense,FreshMart,merchant_match,high
2023-05-19,BeanCo Coffee,11.39,,22245.27,xx9001,Dining Out & Takeaway,expense,BeanCo,merchant_match,high
2023-05-19,FastFoods Drive-Thru,24.88,,22220.39,xx9002,Dining Out & Takeaway,expense,FastFoods,merchant_match,high
2023-05-19,Hairdresser,62.30,,22158.09,xx9002,Personal Care,expense,Hairdresser,merchant_match,high
2023-05-19,Travel Agency,789.58,,21368.51,xx9003,Holidays & Travel,expense,Travel Agency,merchant_match,high
2023-05-20,Corner Grocer,49.34,,21319.17,xx9001,Groceries,expense,Corner Grocer,merchant_match,high
2023-05-20,FastFoods Drive-Thru,17.79,,21301.38,xx9003,Dining Out & Takeaway,expense,FastFoods,merchant_match,high
2023-05-20,FuelStop Petrol,75.70,,21225.68,xx9003,Vehicle Expenses,expense,FuelStop,merchant_match,high
2023-05-21,BeanCo Coffee,9.16,,21216.52,xx9002,Dining Out & Takeaway,expense,BeanCo,merchant_match,high
2023-05-21,Parking Authority,11.97,,21204.55,xx9001,Transport & Parking,expense,Parking Authority,merchant_match,high
2023-05-21,MedCentre,60.98,,21143.57,xx9002,Medical & Health,expense,MedCentre,merchant_match,high
2023-05-22,Home Loan Repayment,920.00,,20223.57,xx9001,Housing – Mortgage,expense,Home Loan,mortgage_pattern,high
2023-05-22,FreshMart Supermarket,147.56,,20076.01,xx9002,Groceries,expense,FreshMart,merchant_match,high
2023-05-22,BeanCo Coffee,7.20,,20068.81,xx9003,Dining Out & Takeaway,expense,BeanCo,merchant_match,high
2023-05-22,CityRail,6.15,,20062.66,xx9002,Transport & Parking,expense,CityRail,merchant_match,high
2023-05-22,Birthday Gift Shop,41.24,,20021.42,xx9003,Gifts,expense,Birthday Gift Shop,merchant_match,high
2023-05-23,BeanCo Coffee,18.56,,20002.86,xx9003,Dining Out & Takeaway,expense,BeanCo,merchant_match,high
2023-05-23,CityRail,6.10,,19996.76,xx9003,Transport & Parking,expense,CityRail,merchant_match,high
2023-05-23,PetSupplies Co,30.03,,19966.73,xx9003,Pet Expenses,expense,PetSupplies,merchant_match,high
2023-05-23,Mini Golf Co,25.27,,19941.46,xx9001,Social & Recreation,expense,Mini Golf Co,merchant_match,high
2023-05-24,Salary Employer A,,3642.28,23583.74,xx9001,INCOME,income,Employer A — Wage,income_match,high
2023-05-24,Salary Employer B,,2825.64,26409.38,xx9001,INCOME,income,Employer B — Wage,income_match,high
2023-05-24,BeanCo Coffee,10.96,,26398.42,xx9003,Dining Out & Takeaway,expense,BeanCo,merchant_match,high
2023-05-24,Pizza Palace,39.08,,26359.34,xx9002,Dining Out & Takeaway,expense,Pizza Palace,merchant_match,high
2023-05-24,FastFoods Drive-Thru,18.10,,26341.24,xx9002,Dining Out & Takeaway,expense,FastFoods,merchant_match,high
2023-05-24,Telco Plus Mobile,60.00,,26281.24,xx9001,Communications & Internet,expense,Telco Plus,merchant_match,high
2023-05-24,VetCare Animal Hospital,115.02,,26166.22,xx9003,Pet Expenses,expense,VetCare,merchant_match,high
2023-05-25,FuelStop Petrol,60.54,,26105.68,xx9001,Vehicle Expenses,expense,FuelStop,merchant_match,high
2023-05-25,BookworldOnline,16.00,,26089.68,xx9003,Media Subscriptions,expense,BookworldOnline,merchant_match,high
2023-05-25,YogaStudio,45.00,,26044.68,xx9003,Sport & Hobbies,expense,YogaStudio,merchant_match,high
2023-05-26,FastFoods Drive-Thru,18.08,,26026.60,xx9002,Dining Out & Takeaway,expense,FastFoods,merchant_match,high
2023-05-26,VetCare Animal Hospital,126.60,,25900.00,xx9003,Pet Expenses,expense,VetCare,merchant_match,high
2023-05-26,Garden Nursery,31.43,,25868.57,xx9001,Home & Garden,expense,Garden Nursery,merchant_match,high
2023-05-27,FreshMart Supermarket,99.74,,25768.83,xx9002,Groceries,expense,FreshMart,merchant_match,high
2023-05-27,Parking Authority,18.39,,25750.44,xx9001,Transport & Parking,expense,Parking Authority,merchant_match,high
2023-05-28,BeanCo Coffee,16.14,,25734.30,xx9001,Dining Out & Takeaway,expense,BeanCo,merchant_match,high
2023-05-28,FastFoods Drive-Thru,21.08,,25713.22,xx9003,Dining Out & Takeaway,expense,FastFoods,merchant_match,high
2023-05-28,Telco Plus Mobile,60.00,,25653.22,xx9003,Communications & Internet,expense,Telco Plus,merchant_match,high
2023-05-29,Home Loan Repayment,920.00,,24733.22,xx9001,Housing – Mortgage,expense,Home Loan,mortgage_pattern,high
2023-05-29,Parking Authority,18.37,,24714.85,xx9001,Transport & Parking,expense,Parking Authority,merchant_match,high
2023-05-29,FibreNet Internet,85.00,,24629.85,xx9001,Communications & Internet,expense,FibreNet,merchant_match,high
2023-05-29,Charity Foundation,25.00,,24604.85,xx9002,Donations & Charity,expense,Charity Foundation,merchant_match,high
2023-05-30,BeanCo Coffee,11.16,,24593.69,xx9003,Dining Out & Takeaway,expense,BeanCo,merchant_match,high
2023-05-30,FuelStop Petrol,100.17,,24493.52,xx9001,Vehicle Expenses,expense,FuelStop,merchant_match,high
2023-05-30,CityRail,6.24,,24487.28,xx9001,Transport & Parking,expense,CityRail,merchant_match,high
2023-05-30,Fashion Outlet,83.42,,24403.86,xx9001,Clothing & Footwear,expense,Fashion Outlet,merchant_match,high
2023-05-30,CinemaWorld,24.42,,24379.44,xx9003,Social & Recreation,expense,CinemaWorld,merchant_match,high
2023-05-30,Australia Post,23.78,,24355.66,xx9003,Administrative & Post,expense,Australia Post,merchant_match,high
2023-05-31,Corner Grocer,40.08,,24315.58,xx9001,Groceries,expense,Corner Grocer,merchant_match,high
2023-06-01,HealthShield Insurance,215.76,,24099.82,xx9002,Insurance,expense,HealthShield,merchant_match,high
2023-06-02,Corner Grocer,51.62,,24048.20,xx9003,Groceries,expense,Corner Grocer,merchant_match,high
2023-06-02,BankFee,4.00,,24044.20,xx9002,Bank Fees,expense,BankFee,merchant_match,high
2023-06-03,BeanCo Coffee,17.38,,24026.82,xx9003,Dining Out & Takeaway,expense,BeanCo,merchant_match,high
2023-06-03,FastFoods Drive-Thru,17.21,,24009.61,xx9001,Dining Out & Takeaway,expense,FastFoods,merchant_match,high
2023-06-03,FuelStop Petrol,83.32,,23926.29,xx9002,Vehicle Expenses,expense,FuelStop,merchant_match,high
2023-06-03,HomePower Utilities,244.41,,23681.88,xx9003,Utilities & Rates,expense,HomePower,merchant_match,high
2023-06-03,CityPharmacy,44.81,,23637.07,xx9003,Medical & Health,expense,CityPharmacy,merchant_match,high
2023-06-04,CityPharmacy,25.23,,23611.84,xx9002,Medical & Health,expense,CityPharmacy,merchant_match,high
2023-06-04,ShoeStore,143.61,,23468.23,xx9001,Clothing & Footwear,expense,ShoeStore,merchant_match,high
2023-06-04,Birthday Gift Shop,47.57,,23420.66,xx9003,Gifts,expense,Birthday Gift Shop,merchant_match,high
2023-06-05,Home Loan Repayment,920.00,,22500.66,xx9001,Housing – Mortgage,expense,Home Loan,mortgage_pattern,high
2023-06-05,Corner Grocer,38.46,,22462.20,xx9001,Groceries,expense,Corner Grocer,merchant_match,high
2023-06-05,BeanCo Coffee,9.34,,22452.86,xx9002,Dining Out & Takeaway,expense,BeanCo,merchant_match,high
2023-06-05,CityRail,9.78,,22443.08,xx9001,Transport & Parking,expense,CityRail,merchant_match,high
2023-06-05,PetSupplies Co,74.78,,22368.30,xx9003,Pet Expenses,expense,PetSupplies,merchant_match,high
2023-06-06,Parking Authority,14.90,,22353.40,xx9002,Transport & Parking,expense,Parking Authority,merchant_match,high
2023-06-06,Telco Plus Mobile,60.00,,22293.40,xx9003,Communications & Internet,expense,Telco Plus,merchant_match,high
2023-06-06,MusicCloud,12.00,,22281.40,xx9001,Media Subscriptions,expense,MusicCloud,merchant_match,high
2023-06-07,Salary Employer A,,3623.18,25904.58,xx9001,INCOME,income,Employer A — Wage,income_match,high
2023-06-07,Salary Employer B,,3011.64,28916.22,xx9001,INCOME,income,Employer B — Wage,income_match,high
2023-06-07,Fashion Outlet,130.33,,28785.89,xx9001,Clothing & Footwear,expense,Fashion Outlet,merchant_match,high
2023-06-07,CinemaWorld,29.04,,28756.85,xx9002,Social & Recreation,expense,CinemaWorld,merchant_match,high
2023-06-08,FreshMart Supermarket,101.47,,28655.38,xx9002,Groceries,expense,FreshMart,merchant_match,high
2023-06-08,BeanCo Coffee,7.45,,28647.93,xx9001,Dining Out & Takeaway,expense,BeanCo,merchant_match,high
2023-06-08,Hairdresser,43.18,,28604.75,xx9003,Personal Care,expense,Hairdresser,merchant_match,high
2023-06-08,Australia Post,15.31,,28589.44,xx9003,Administrative & Post,expense,Australia Post,merchant_match,high
2023-06-10,Corner Grocer,42.69,,28546.75,xx9001,Groceries,expense,Corner Grocer,merchant_match,high
2023-06-10,BeanCo Coffee,6.48,,28540.27,xx9002,Dining Out & Takeaway,expense,BeanCo,merchant_match,high
2023-06-10,Big Box Hardware,132.07,,28408.20,xx9003,Home & Garden,expense,Big Box Hardware,merchant_match,high
2023-06-10,TechMegaStore,230.65,,28177.55,xx9003,Technology & Equipment,expense,TechMegaStore,merchant_match,high
2023-06-11,CityRail,9.80,,28167.75,xx9003,Transport & Parking,expense,CityRail,merchant_match,high
2023-06-11,ShoeStore,122.26,,28045.49,xx9002,Clothing & Footwear,expense,ShoeStore,merchant_match,high
2023-06-12,Home Loan Repayment,920.00,,27125.49,xx9001,Housing – Mortgage,expense,Home Loan,mortgage_pattern,high
2023-06-12,BeanCo Coffee,12.81,,27112.68,xx9002,Dining Out & Takeaway,expense,BeanCo,merchant_match,high
2023-06-14,FreshMart Supermarket,74.05,,27038.63,xx9003,Groceries,expense,FreshMart,merchant_match,high
2023-06-14,BeanCo Coffee,9.53,,27029.10,xx9001,Dining Out & Takeaway,expense,BeanCo,merchant_match,high
2023-06-14,CityRail,7.60,,27021.50,xx9002,Transport & Parking,expense,CityRail,merchant_match,high
2023-06-14,Council Rates,452.42,,26569.08,xx9001,Utilities & Rates,expense,Council Rates,merchant_match,high
2023-06-14,Hairdresser,57.49,,26511.59,xx9001,Personal Care,expense,Hairdresser,merchant_match,high
2023-06-15,CityRail,7.36,,26504.23,xx9001,Transport & Parking,expense,CityRail,merchant_match,high
2023-06-15,BookworldOnline,16.00,,26488.23,xx9001,Media Subscriptions,expense,BookworldOnline,merchant_match,high
2023-06-16,CityRail,7.49,,26480.74,xx9003,Transport & Parking,expense,CityRail,merchant_match,high
2023-06-16,Telco Plus Mobile,60.00,,26420.74,xx9002,Communications & Internet,expense,Telco Plus,merchant_match,high
2023-06-16,CityPharmacy,25.57,,26395.17,xx9001,Medical & Health,expense,CityPharmacy,merchant_match,high
2023-06-17,FreshMart Supermarket,120.58,,26274.59,xx9002,Groceries,expense,FreshMart,merchant_match,high
2023-06-17,CityRail,10.53,,26264.06,xx9003,Transport & Parking,expense,CityRail,merchant_match,high
2023-06-17,Garden Nursery,29.94,,26234.12,xx9001,Home & Garden,expense,Garden Nursery,merchant_match,high
2023-06-18,Parking Authority,14.39,,26219.73,xx9003,Transport & Parking,expense,Parking Authority,merchant_match,high
2023-06-18,CityPharmacy,40.86,,26178.87,xx9003,Medical & Health,expense,CityPharmacy,merchant_match,high
2023-06-18,Garden Nursery,34.90,,26143.97,xx9003,Home & Garden,expense,Garden Nursery,merchant_match,high
2023-06-18,CinemaWorld,35.94,,26108.03,xx9003,Social & Recreation,expense,CinemaWorld,merchant_match,high
2023-06-19,Home Loan Repayment,920.00,,25188.03,xx9001,Housing – Mortgage,expense,Home Loan,mortgage_pattern,high
2023-06-19,BeanCo Coffee,12.83,,25175.20,xx9002,Dining Out & Takeaway,expense,BeanCo,merchant_match,high
2023-06-19,CityRail,6.08,,25169.12,xx9001,Transport & Parking,expense,CityRail,merchant_match,high
2023-06-19,Parking Authority,19.47,,25149.65,xx9002,Transport & Parking,expense,Parking Authority,merchant_match,high
2023-06-19,PetSupplies Co,59.10,,25090.55,xx9001,Pet Expenses,expense,PetSupplies,merchant_match,high
2023-06-20,FreshMart Supermarket,116.44,,24974.11,xx9003,Groceries,expense,FreshMart,merchant_match,high
2023-06-21,Salary Employer A,,3245.15,28219.26,xx9001,INCOME,income,Employer A — Wage,income_match,high
2023-06-21,Salary Employer B,,2757.39,30976.65,xx9001,INCOME,income,Employer B — Wage,income_match,high
2023-06-21,Corner Grocer,50.90,,30925.75,xx9003,Groceries,expense,Corner Grocer,merchant_match,high
2023-06-22,FreshMart Supermarket,93.27,,30832.48,xx9003,Groceries,expense,FreshMart,merchant_match,high
2023-06-22,BeanCo Coffee,8.41,,30824.07,xx9003,Dining Out & Takeaway,expense,BeanCo,merchant_match,high
2023-06-22,CityRail,5.54,,30818.53,xx9001,Transport & Parking,expense,CityRail,merchant_match,high
2023-06-24,FreshMart Supermarket,89.04,,30729.49,xx9003,Groceries,expense,FreshMart,merchant_match,high
2023-06-24,FuelStop Petrol,57.08,,30672.41,xx9001,Vehicle Expenses,expense,FuelStop,merchant_match,high
2023-06-24,MedCentre,83.33,,30589.08,xx9003,Medical & Health,expense,MedCentre,merchant_match,high
2023-06-24,Big Box Hardware,31.34,,30557.74,xx9002,Home & Garden,expense,Big Box Hardware,merchant_match,high
2023-06-24,BankFee,4.00,,30553.74,xx9001,Bank Fees,expense,BankFee,merchant_match,high
2023-06-25,FreshMart Supermarket,128.56,,30425.18,xx9002,Groceries,expense,FreshMart,merchant_match,high
2023-06-25,YogaStudio,45.00,,30380.18,xx9003,Sport & Hobbies,expense,YogaStudio,merchant_match,high
2023-06-26,Home Loan Repayment,920.00,,29460.18,xx9001,Housing – Mortgage,expense,Home Loan,mortgage_pattern,high
2023-06-26,FreshMart Supermarket,100.12,,29360.06,xx9001,Groceries,expense,FreshMart,merchant_match,high
2023-06-26,BeanCo Coffee,16.68,,29343.38,xx9002,Dining Out & Takeaway,expense,BeanCo,merchant_match,high
2023-06-26,HealthShield Insurance,215.14,,29128.24,xx9002,Insurance,expense,HealthShield,merchant_match,high
2023-06-26,FitnessFirst Gym,65.00,,29063.24,xx9002,Sport & Hobbies,expense,FitnessFirst,merchant_match,high
2023-06-27,Corner Grocer,31.50,,29031.74,xx9003,Groceries,expense,Corner Grocer,merchant_match,high
2023-06-27,BeanCo Coffee,9.26,,29022.48,xx9002,Dining Out & Takeaway,expense,BeanCo,merchant_match,high
2023-06-27,WineCellar,52.73,,28969.75,xx9001,Alcohol,expense,WineCellar,merchant_match,high
2023-06-28,BeanCo Coffee,10.48,,28959.27,xx9002,Dining Out & Takeaway,expense,BeanCo,merchant_match,high
2023-06-29,BeanCo Coffee,13.68,,28945.59,xx9003,Dining Out & Takeaway,expense,BeanCo,merchant_match,high
2023-06-29,FastFoods Drive-Thru,23.45,,28922.14,xx9001,Dining Out & Takeaway,expense,FastFoods,merchant_match,high
2023-06-29,CityRail,9.92,,28912.22,xx9003,Transport & Parking,expense,CityRail,merchant_match,high
2023-06-29,CityPharmacy,26.92,,28885.30,xx9001,Medical & Health,expense,CityPharmacy,merchant_match,high
2023-06-30,BeanCo Coffee,14.45,,28870.85,xx9001,Dining Out & Takeaway,expense,BeanCo,merchant_match,high
2023-06-30,FastFoods Drive-Thru,18.21,,28852.64,xx9003,Dining Out & Takeaway,expense,FastFoods,merchant_match,high
2023-06-30,MedCentre,177.37,,28675.27,xx9002,Medical & Health,expense,MedCentre,merchant_match,high
2023-06-30,MusicCloud,12.00,,28663.27,xx9002,Media Subscriptions,expense,MusicCloud,merchant_match,high
2023-06-30,Big Box Hardware,30.61,,28632.66,xx9003,Home & Garden,expense,Big Box Hardware,merchant_match,high
2023-06-30,Birthday Gift Shop,73.15,,28559.51,xx9003,Gifts,expense,Birthday Gift Shop,merchant_match,high
2023-07-01,FreshMart Supermarket,132.12,,28427.39,xx9003,Groceries,expense,FreshMart,merchant_match,high
2023-07-01,BeanCo Coffee,14.24,,28413.15,xx9001,Dining Out & Takeaway,expense,BeanCo,merchant_match,high
2023-07-01,CityRail,11.15,,28402.00,xx9002,Transport & Parking,expense,CityRail,merchant_match,high
2023-07-01,Beauty Spa,124.44,,28277.56,xx9002,Personal Care,expense,Beauty Spa,merchant_match,high
2023-07-02,Corner Grocer,40.83,,28236.73,xx9001,Groceries,expense,Corner Grocer,merchant_match,high
2023-07-02,BeanCo Coffee,15.38,,28221.35,xx9003,Dining Out & Takeaway,expense,BeanCo,merchant_match,high
2023-07-02,CityRail,4.78,,28216.57,xx9003,Transport & Parking,expense,CityRail,merchant_match,high
2023-07-03,Home Loan Repayment,920.00,,27296.57,xx9001,Housing – Mortgage,expense,Home Loan,mortgage_pattern,high
2023-07-03,BeanCo Coffee,9.82,,27286.75,xx9003,Dining Out & Takeaway,expense,BeanCo,merchant_match,high
2023-07-05,Salary Employer A,,3166.28,30453.03,xx9001,INCOME,income,Employer A — Wage,income_match,high
2023-07-05,Salary Employer B,,2815.75,33268.78,xx9001,INCOME,income,Employer B — Wage,income_match,high
2023-07-05,FuelStop Petrol,80.80,,33187.98,xx9002,Vehicle Expenses,expense,FuelStop,merchant_match,high
2023-07-05,CityRail,2.16,,33185.82,xx9001,Transport & Parking,expense,CityRail,merchant_match,high
2023-07-05,Telco Plus Mobile,60.00,,33125.82,xx9002,Communications & Internet,expense,Telco Plus,merchant_match,high
2023-07-06,BeanCo Coffee,8.76,,33117.06,xx9002,Dining Out & Takeaway,expense,BeanCo,merchant_match,high
2023-07-07,BeanCo Coffee,15.08,,33101.98,xx9003,Dining Out & Takeaway,expense,BeanCo,merchant_match,high
2023-07-07,Pizza Palace,41.08,,33060.90,xx9002,Dining Out & Takeaway,expense,Pizza Palace,merchant_match,high
2023-07-07,Garden Nursery,44.76,,33016.14,xx9003,Home & Garden,expense,Garden Nursery,merchant_match,high
2023-07-08,Corner Grocer,59.98,,32956.16,xx9003,Groceries,expense,Corner Grocer,merchant_match,high
2023-07-09,FuelStop Petrol,77.11,,32879.05,xx9002,Vehicle Expenses,expense,FuelStop,merchant_match,high
2023-07-10,Home Loan Repayment,920.00,,31959.05,xx9001,Housing – Mortgage,expense,Home Loan,mortgage_pattern,high
2023-07-10,FreshMart Supermarket,100.06,,31858.99,xx9003,Groceries,expense,FreshMart,merchant_match,high
2023-07-10,Corner Grocer,54.59,,31804.40,xx9002,Groceries,expense,Corner Grocer,merchant_match,high
2023-07-10,WaterCorp,150.62,,31653.78,xx9003,Utilities & Rates,expense,WaterCorp,merchant_match,high
2023-07-10,BankFee,4.00,,31649.78,xx9003,Bank Fees,expense,BankFee,merchant_match,high
2023-07-11,FreshMart Supermarket,99.61,,31550.17,xx9002,Groceries,expense,FreshMart,merchant_match,high
2023-07-11,BeanCo Coffee,13.82,,31536.35,xx9003,Dining Out & Takeaway,expense,BeanCo,merchant_match,high
2023-07-11,Pizza Palace,40.12,,31496.23,xx9001,Dining Out & Takeaway,expense,Pizza Palace,merchant_match,high
2023-07-11,CityPharmacy,37.38,,31458.85,xx9001,Medical & Health,expense,CityPharmacy,merchant_match,high
2023-07-11,Accounting Services,350.00,,31108.85,xx9001,Accounting & Tax,expense,Accounting Services,merchant_match,high
2023-07-13,FreshMart Supermarket,114.24,,30994.61,xx9003,Groceries,expense,FreshMart,merchant_match,high
2023-07-13,BeanCo Coffee,14.15,,30980.46,xx9002,Dining Out & Takeaway,expense,BeanCo,merchant_match,high
2023-07-13,Mini Golf Co,37.18,,30943.28,xx9003,Social & Recreation,expense,Mini Golf Co,merchant_match,high
2023-07-14,BeanCo Coffee,12.58,,30930.70,xx9003,Dining Out & Takeaway,expense,BeanCo,merchant_match,high
2023-07-14,Parking Authority,8.14,,30922.56,xx9003,Transport & Parking,expense,Parking Authority,merchant_match,high
2023-07-14,CityPharmacy,17.01,,30905.55,xx9003,Medical & Health,expense,CityPharmacy,merchant_match,high
2023-07-14,Online Learning,45.00,,30860.55,xx9001,Education & Training,expense,Online Learning,merchant_match,high
2023-07-15,CityRail,8.31,,30852.24,xx9002,Transport & Parking,expense,CityRail,merchant_match,high
2023-07-15,PetSupplies Co,53.45,,30798.79,xx9002,Pet Expenses,expense,PetSupplies,merchant_match,high
2023-07-16,PetSupplies Co,55.66,,30743.13,xx9002,Pet Expenses,expense,PetSupplies,merchant_match,high
2023-07-17,Home Loan Repayment,920.00,,29823.13,xx9001,Housing – Mortgage,expense,Home Loan,mortgage_pattern,high
2023-07-17,BeanCo Coffee,14.08,,29809.05,xx9003,Dining Out & Takeaway,expense,BeanCo,merchant_match,high
2023-07-17,FuelStop Petrol,56.24,,29752.81,xx9003,Vehicle Expenses,expense,FuelStop,merchant_match,high
2023-07-17,YogaStudio,45.00,,29707.81,xx9003,Sport & Hobbies,expense,YogaStudio,merchant_match,high
2023-07-17,BankFee,4.00,,29703.81,xx9001,Bank Fees,expense,BankFee,merchant_match,high
2023-07-18,Telco Plus Mobile,60.00,,29643.81,xx9002,Communications & Internet,expense,Telco Plus,merchant_match,high
2023-07-18,VetCare Animal Hospital,118.48,,29525.33,xx9001,Pet Expenses,expense,VetCare,merchant_match,high
2023-07-19,Salary Employer A,,3526.21,33051.54,xx9001,INCOME,income,Employer A — Wage,income_match,high
2023-07-19,Salary Employer B,,2728.62,35780.16,xx9001,INCOME,income,Employer B — Wage,income_match,high
2023-07-19,BeanCo Coffee,10.03,,35770.13,xx9001,Dining Out & Takeaway,expense,BeanCo,merchant_match,high
2023-07-19,VetCare Animal Hospital,106.52,,35663.61,xx9001,Pet Expenses,expense,VetCare,merchant_match,high
2023-07-19,WineCellar,63.30,,35600.31,xx9002,Alcohol,expense,WineCellar,merchant_match,high
2023-07-20,FreshMart Supermarket,160.58,,35439.73,xx9001,Groceries,expense,FreshMart,merchant_match,high
2023-07-20,Pizza Palace,34.70,,35405.03,xx9003,Dining Out & Takeaway,expense,Pizza Palace,merchant_match,high
2023-07-20,HomeSafe Insurance,190.21,,35214.82,xx9001,Insurance,expense,HomeSafe,merchant_match,high
2023-07-21,CityRail,9.72,,35205.10,xx9001,Transport & Parking,expense,CityRail,merchant_match,high
2023-07-21,ShoeStore,115.34,,35089.76,xx9002,Clothing & Footwear,expense,ShoeStore,merchant_match,high
2023-07-22,FreshMart Supermarket,152.01,,34937.75,xx9003,Groceries,expense,FreshMart,merchant_match,high
2023-07-22,Garden Nursery,29.02,,34908.73,xx9002,Home & Garden,expense,Garden Nursery,merchant_match,high
2023-07-23,BeanCo Coffee,16.18,,34892.55,xx9003,Dining Out & Takeaway,expense,BeanCo,merchant_match,high
2023-07-23,Parking Authority,15.72,,34876.83,xx9001,Transport & Parking,expense,Parking Authority,merchant_match,high
2023-07-23,AutoSure Car Insurance,97.38,,34779.45,xx9002,Insurance,expense,AutoSure,merchant_match,high
2023-07-23,VetCare Animal Hospital,103.92,,34675.53,xx9002,Pet Expenses,expense,VetCare,merchant_match,high
2023-07-23,LocalBrewery,31.60,,34643.93,xx9001,Alcohol,expense,LocalBrewery,merchant_match,high
2023-07-23,Birthday Gift Shop,39.50,,34604.43,xx9003,Gifts,expense,Birthday Gift Shop,merchant_match,high
2023-07-24,Home Loan Repayment,920.00,,33684.43,xx9001,Housing – Mortgage,expense,Home Loan,mortgage_pattern,high
2023-07-24,BeanCo Coffee,12.25,,33672.18,xx9003,Dining Out & Takeaway,expense,BeanCo,merchant_match,high
2023-07-24,Pizza Palace,48.55,,33623.63,xx9003,Dining Out & Takeaway,expense,Pizza Palace,merchant_match,high
2023-07-25,FastFoods Drive-Thru,17.00,,33606.63,xx9001,Dining Out & Takeaway,expense,FastFoods,merchant_match,high
2023-07-25,CityRail,7.84,,33598.79,xx9002,Transport & Parking,expense,CityRail,merchant_match,high
2023-07-26,FreshMart Supermarket,133.13,,33465.66,xx9003,Groceries,expense,FreshMart,merchant_match,high
2023-07-26,Corner Grocer,52.41,,33413.25,xx9001,Groceries,expense,Corner Grocer,merchant_match,high
2023-07-26,Pizza Palace,28.75,,33384.50,xx9001,Dining Out & Takeaway,expense,Pizza Palace,merchant_match,high
2023-07-26,CityRail,7.80,,33376.70,xx9001,Transport & Parking,expense,CityRail,merchant_match,high
2023-07-26,CityPharmacy,7.82,,33368.88,xx9002,Medical & Health,expense,CityPharmacy,merchant_match,high
2023-07-27,FreshMart Supermarket,137.97,,33230.91,xx9003,Groceries,expense,FreshMart,merchant_match,high
2023-07-28,FreshMart Supermarket,142.11,,33088.80,xx9002,Groceries,expense,FreshMart,merchant_match,high
2023-07-28,MedCentre,75.73,,33013.07,xx9001,Medical & Health,expense,MedCentre,merchant_match,high
2023-07-29,BeanCo Coffee,9.19,,33003.88,xx9001,Dining Out & Takeaway,expense,BeanCo,merchant_match,high
2023-07-30,FreshMart Supermarket,153.57,,32850.31,xx9002,Groceries,expense,FreshMart,merchant_match,high
2023-07-31,Home Loan Repayment,920.00,,31930.31,xx9001,Housing – Mortgage,expense,Home Loan,mortgage_pattern,high
2023-07-31,BeanCo Coffee,13.50,,31916.81,xx9001,Dining Out & Takeaway,expense,BeanCo,merchant_match,high
2023-07-31,FuelStop Petrol,100.20,,31816.61,xx9003,Vehicle Expenses,expense,FuelStop,merchant_match,high
2023-07-31,CityPharmacy,40.81,,31775.80,xx9002,Medical & Health,expense,CityPharmacy,merchant_match,high
2023-08-01,PetSupplies Co,64.21,,31711.59,xx9003,Pet Expenses,expense,PetSupplies,merchant_match,high
2023-08-01,Fashion Outlet,59.26,,31652.33,xx9003,Clothing & Footwear,expense,Fashion Outlet,merchant_match,high
2023-08-02,Salary Employer A,,3287.35,34939.68,xx9001,INCOME,income,Employer A — Wage,income_match,high
2023-08-02,Salary Employer B,,3040.36,37980.04,xx9001,INCOME,income,Employer B — Wage,income_match,high
2023-08-02,BeanCo Coffee,5.70,,37974.34,xx9002,Dining Out & Takeaway,expense,BeanCo,merchant_match,high
2023-08-03,BeanCo Coffee,12.57,,37961.77,xx9003,Dining Out & Takeaway,expense,BeanCo,merchant_match,high
2023-08-03,FastFoods Drive-Thru,15.17,,37946.60,xx9003,Dining Out & Takeaway,expense,FastFoods,merchant_match,high
2023-08-03,FitnessFirst Gym,65.00,,37881.60,xx9002,Sport & Hobbies,expense,FitnessFirst,merchant_match,high
2023-08-03,BankFee,4.00,,37877.60,xx9001,Bank Fees,expense,BankFee,merchant_match,high
2023-08-04,LocalBrewery,32.14,,37845.46,xx9001,Alcohol,expense,LocalBrewery,merchant_match,high
2023-08-05,BeanCo Coffee,10.85,,37834.61,xx9001,Dining Out & Takeaway,expense,BeanCo,merchant_match,high
2023-08-05,Pizza Palace,41.89,,37792.72,xx9002,Dining Out & Takeaway,expense,Pizza Palace,merchant_match,high
2023-08-05,Council Rates,465.32,,37327.40,xx9003,Utilities & Rates,expense,Council Rates,merchant_match,high
2023-08-05,WineCellar,55.94,,37271.46,xx9001,Alcohol,expense,WineCellar,merchant_match,high
2023-08-05,CinemaWorld,31.86,,37239.60,xx9003,Social & Recreation,expense,CinemaWorld,merchant_match,high
2023-08-06,FreshMart Supermarket,124.97,,37114.63,xx9002,Groceries,expense,FreshMart,merchant_match,high
2023-08-06,BeanCo Coffee,8.89,,37105.74,xx9003,Dining Out & Takeaway,expense,BeanCo,merchant_match,high
2023-08-06,Parking Authority,17.91,,37087.83,xx9001,Transport & Parking,expense,Parking Authority,merchant_match,high
2023-08-06,Australia Post,21.60,,37066.23,xx9003,Administrative & Post,expense,Australia Post,merchant_match,high
2023-08-07,Home Loan Repayment,920.00,,36146.23,xx9001,Housing – Mortgage,expense,Home Loan,mortgage_pattern,high
2023-08-07,Hairdresser,59.18,,36087.05,xx9001,Personal Care,expense,Hairdresser,merchant_match,high
2023-08-08,BeanCo Coffee,8.68,,36078.37,xx9002,Dining Out & Takeaway,expense,BeanCo,merchant_match,high
2023-08-09,Parking Authority,11.10,,36067.27,xx9001,Transport & Parking,expense,Parking Authority,merchant_match,high
2023-08-10,Pizza Palace,25.65,,36041.62,xx9003,Dining Out & Takeaway,expense,Pizza Palace,merchant_match,high
2023-08-10,FastFoods Drive-Thru,8.24,,36033.38,xx9003,Dining Out & Takeaway,expense,FastFoods,merchant_match,high
2023-08-10,FuelStop Petrol,93.08,,35940.30,xx9002,Vehicle Expenses,expense,FuelStop,merchant_match,high
2023-08-10,WineCellar,72.20,,35868.10,xx9002,Alcohol,expense,WineCellar,merchant_match,high
2023-08-11,FreshMart Supermarket,72.76,,35795.34,xx9002,Groceries,expense,FreshMart,merchant_match,high
2023-08-11,BeanCo Coffee,4.38,,35790.96,xx9002,Dining Out & Takeaway,expense,BeanCo,merchant_match,high
2023-08-11,FuelStop Petrol,67.16,,35723.80,xx9001,Vehicle Expenses,expense,FuelStop,merchant_match,high
2023-08-11,CityRail,7.24,,35716.56,xx9002,Transport & Parking,expense,CityRail,merchant_match,high
2023-08-11,Fashion Outlet,88.19,,35628.37,xx9002,Clothing & Footwear,expense,Fashion Outlet,merchant_match,high
2023-08-11,Hairdresser,68.36,,35560.01,xx9002,Personal Care,expense,Hairdresser,merchant_match,high
2023-08-12,FreshMart Supermarket,131.57,,35428.44,xx9002,Groceries,expense,FreshMart,merchant_match,high
2023-08-12,Corner Grocer,51.74,,35376.70,xx9002,Groceries,expense,Corner Grocer,merchant_match,high
2023-08-12,CityRail,7.16,,35369.54,xx9001,Transport & Parking,expense,CityRail,merchant_match,high
2023-08-12,CityPharmacy,18.68,,35350.86,xx9002,Medical & Health,expense,CityPharmacy,merchant_match,high
2023-08-12,Big Box Hardware,60.21,,35290.65,xx9002,Home & Garden,expense,Big Box Hardware,merchant_match,high
2023-08-12,CinemaWorld,23.85,,35266.80,xx9001,Social & Recreation,expense,CinemaWorld,merchant_match,high
2023-08-13,FreshMart Supermarket,121.90,,35144.90,xx9002,Groceries,expense,FreshMart,merchant_match,high
2023-08-13,Parking Authority,11.51,,35133.39,xx9003,Transport & Parking,expense,Parking Authority,merchant_match,high
2023-08-13,Big Box Hardware,30.75,,35102.64,xx9002,Home & Garden,expense,Big Box Hardware,merchant_match,high
2023-08-14,Home Loan Repayment,920.00,,34182.64,xx9001,Housing – Mortgage,expense,Home Loan,mortgage_pattern,high
2023-08-14,FreshMart Supermarket,146.12,,34036.52,xx9002,Groceries,expense,FreshMart,merchant_match,high
2023-08-14,CityRail,9.92,,34026.60,xx9001,Transport & Parking,expense,CityRail,merchant_match,high
2023-08-15,FuelStop Petrol,86.14,,33940.46,xx9003,Vehicle Expenses,expense,FuelStop,merchant_match,high
2023-08-15,Parking Authority,15.02,,33925.44,xx9003,Transport & Parking,expense,Parking Authority,merchant_match,high
2023-08-15,FitnessFirst Gym,65.00,,33860.44,xx9001,Sport & Hobbies,expense,FitnessFirst,merchant_match,high
2023-08-16,Salary Employer A,,3219.42,37079.86,xx9001,INCOME,income,Employer A — Wage,income_match,high
2023-08-16,Salary Employer B,,2858.49,39938.35,xx9001,INCOME,income,Employer B — Wage,income_match,high
2023-08-16,FreshMart Supermarket,121.47,,39816.88,xx9003,Groceries,expense,FreshMart,merchant_match,high
2023-08-16,Parking Authority,20.58,,39796.30,xx9001,Transport & Parking,expense,Parking Authority,merchant_match,high
2023-08-16,HomePower Utilities,224.63,,39571.67,xx9003,Utilities & Rates,expense,HomePower,merchant_match,high
2023-08-16,HealthShield Insurance,208.63,,39363.04,xx9003,Insurance,expense,HealthShield,merchant_match,high
2023-08-16,CityPharmacy,34.94,,39328.10,xx9001,Medical & Health,expense,CityPharmacy,merchant_match,high
2023-08-17,Pizza Palace,35.46,,39292.64,xx9001,Dining Out & Takeaway,expense,Pizza Palace,merchant_match,high
2023-08-17,WaterCorp,122.26,,39170.38,xx9001,Utilities & Rates,expense,WaterCorp,merchant_match,high
2023-08-17,MusicCloud,12.00,,39158.38,xx9001,Media Subscriptions,expense,MusicCloud,merchant_match,high
2023-08-17,LocalBrewery,49.59,,39108.79,xx9003,Alcohol,expense,LocalBrewery,merchant_match,high
2023-08-17,Australia Post,21.88,,39086.91,xx9003,Administrative & Post,expense,Australia Post,merchant_match,high
2023-08-18,FreshMart Supermarket,125.88,,38961.03,xx9001,Groceries,expense,FreshMart,merchant_match,high
2023-08-18,BeanCo Coffee,9.16,,38951.87,xx9003,Dining Out & Takeaway,expense,BeanCo,merchant_match,high
2023-08-19,FreshMart Supermarket,148.88,,38802.99,xx9001,Groceries,expense,FreshMart,merchant_match,high
2023-08-19,Fashion Outlet,82.68,,38720.31,xx9002,Clothing & Footwear,expense,Fashion Outlet,merchant_match,high
2023-08-20,BeanCo Coffee,14.79,,38705.52,xx9003,Dining Out & Takeaway,expense,BeanCo,merchant_match,high
2023-08-20,CityPharmacy,37.06,,38668.46,xx9002,Medical & Health,expense,CityPharmacy,merchant_match,high
2023-08-20,ShoeStore,126.99,,38541.47,xx9003,Clothing & Footwear,expense,ShoeStore,merchant_match,high
2023-08-21,Home Loan Repayment,920.00,,37621.47,xx9001,Housing – Mortgage,expense,Home Loan,mortgage_pattern,high
2023-08-21,FreshMart Supermarket,122.06,,37499.41,xx9001,Groceries,expense,FreshMart,merchant_match,high
2023-08-22,CityRail,8.49,,37490.92,xx9001,Transport & Parking,expense,CityRail,merchant_match,high
2023-08-23,FastFoods Drive-Thru,20.65,,37470.27,xx9003,Dining Out & Takeaway,expense,FastFoods,merchant_match,high
2023-08-23,Parking Authority,14.92,,37455.35,xx9003,Transport & Parking,expense,Parking Authority,merchant_match,high
2023-08-23,WineCellar,49.13,,37406.22,xx9001,Alcohol,expense,WineCellar,merchant_match,high
2023-08-24,FreshMart Supermarket,48.33,,37357.89,xx9003,Groceries,expense,FreshMart,merchant_match,high
2023-08-24,Birthday Gift Shop,15.84,,37342.05,xx9001,Gifts,expense,Birthday Gift Shop,merchant_match,high
2023-08-25,BeanCo Coffee,12.89,,37329.16,xx9002,Dining Out & Takeaway,expense,BeanCo,merchant_match,high
2023-08-25,FuelStop Petrol,62.26,,37266.90,xx9002,Vehicle Expenses,expense,FuelStop,merchant_match,high
2023-08-25,CityPharmacy,30.59,,37236.31,xx9003,Medical & Health,expense,CityPharmacy,merchant_match,high
2023-08-25,StreamFlix,19.00,,37217.31,xx9001,Media Subscriptions,expense,StreamFlix,merchant_match,high
2023-08-25,Garden Nursery,52.24,,37165.07,xx9003,Home & Garden,expense,Garden Nursery,merchant_match,high
2023-08-25,Hairdresser,60.13,,37104.94,xx9002,Personal Care,expense,Hairdresser,merchant_match,high
2023-08-26,BeanCo Coffee,9.87,,37095.07,xx9002,Dining Out & Takeaway,expense,BeanCo,merchant_match,high
2023-08-26,Pizza Palace,24.89,,37070.18,xx9001,Dining Out & Takeaway,expense,Pizza Palace,merchant_match,high
2023-08-26,WineCellar,84.86,,36985.32,xx9002,Alcohol,expense,WineCellar,merchant_match,high
2023-08-26,Beauty Spa,131.76,,36853.56,xx9001,Personal Care,expense,Beauty Spa,merchant_match,high
2023-08-27,BeanCo Coffee,7.36,,36846.20,xx9003,Dining Out & Takeaway,expense,BeanCo,merchant_match,high
2023-08-27,CityRail,9.23,,36836.97,xx9003,Transport & Parking,expense,CityRail,merchant_match,high
2023-08-28,Home Loan Repayment,920.00,,35916.97,xx9001,Housing – Mortgage,expense,Home Loan,mortgage_pattern,high
2023-08-28,FuelStop Petrol,48.10,,35868.87,xx9002,Vehicle Expenses,expense,FuelStop,merchant_match,high
2023-08-28,Council Rates,439.80,,35429.07,xx9002,Utilities & Rates,expense,Council Rates,merchant_match,high
2023-08-29,CityRail,9.08,,35419.99,xx9003,Transport & Parking,expense,CityRail,merchant_match,high
2023-08-29,BookworldOnline,16.00,,35403.99,xx9001,Media Subscriptions,expense,BookworldOnline,merchant_match,high
2023-08-29,Australia Post,21.03,,35382.96,xx9002,Administrative & Post,expense,Australia Post,merchant_match,high
2023-08-30,Salary Employer A,,3108.61,38491.57,xx9001,INCOME,income,Employer A — Wage,income_match,high
2023-08-30,Salary Employer B,,2728.44,41220.01,xx9001,INCOME,income,Employer B — Wage,income_match,high
2023-08-30,FreshMart Supermarket,140.00,,41080.01,xx9002,Groceries,expense,FreshMart,merchant_match,high
2023-08-30,FuelStop Petrol,94.66,,40985.35,xx9002,Vehicle Expenses,expense,FuelStop,merchant_match,high
2023-08-30,CityRail,3.86,,40981.49,xx9001,Transport & Parking,expense,CityRail,merchant_match,high
2023-08-30,Telco Plus Mobile,60.00,,40921.49,xx9001,Communications & Internet,expense,Telco Plus,merchant_match,high
2023-08-31,FreshMart Supermarket,138.27,,40783.22,xx9002,Groceries,expense,FreshMart,merchant_match,high
2023-08-31,FibreNet Internet,85.00,,40698.22,xx9003,Communications & Internet,expense,FibreNet,merchant_match,high
2023-08-31,BookworldOnline,16.00,,40682.22,xx9001,Media Subscriptions,expense,BookworldOnline,merchant_match,high
2023-08-31,StreamFlix,19.00,,40663.22,xx9001,Media Subscriptions,expense,StreamFlix,merchant_match,high
2023-08-31,Australia Post,15.34,,40647.88,xx9001,Administrative & Post,expense,Australia Post,merchant_match,high
2023-09-01,FreshMart Supermarket,141.66,,40506.22,xx9001,Groceries,expense,FreshMart,merchant_match,high
2023-09-01,MedCentre,107.68,,40398.54,xx9003,Medical & Health,expense,MedCentre,merchant_match,high
2023-09-01,PetSupplies Co,60.55,,40337.99,xx9001,Pet Expenses,expense,PetSupplies,merchant_match,high
2023-09-01,Big Box Hardware,73.44,,40264.55,xx9002,Home & Garden,expense,Big Box Hardware,merchant_match,high
2023-09-01,CinemaWorld,24.02,,40240.53,xx9002,Social & Recreation,expense,CinemaWorld,merchant_match,high
2023-09-02,BeanCo Coffee,6.58,,40233.95,xx9002,Dining Out & Takeaway,expense,BeanCo,merchant_match,high
2023-09-02,Council Rates,442.78,,39791.17,xx9001,Utilities & Rates,expense,Council Rates,merchant_match,high
2023-09-02,LocalBrewery,66.20,,39724.97,xx9003,Alcohol,expense,LocalBrewery,merchant_match,high
2023-09-03,FuelStop Petrol,88.71,,39636.26,xx9001,Vehicle Expenses,expense,FuelStop,merchant_match,high
2023-09-03,Accounting Services,350.00,,39286.26,xx9001,Accounting & Tax,expense,Accounting Services,merchant_match,high
2023-09-04,Home Loan Repayment,920.00,,38366.26,xx9001,Housing – Mortgage,expense,Home Loan,mortgage_pattern,high
2023-09-04,BeanCo Coffee,15.24,,38351.02,xx9001,Dining Out & Takeaway,expense,BeanCo,merchant_match,high
2023-09-04,FastFoods Drive-Thru,15.80,,38335.22,xx9003,Dining Out & Takeaway,expense,FastFoods,merchant_match,high
2023-09-04,AutoSure Car Insurance,112.82,,38222.40,xx9001,Insurance,expense,AutoSure,merchant_match,high
2023-09-04,BookworldOnline,16.00,,38206.40,xx9002,Media Subscriptions,expense,BookworldOnline,merchant_match,high
2023-09-04,YogaStudio,45.00,,38161.40,xx9003,Sport & Hobbies,expense,YogaStudio,merchant_match,high
2023-09-05,FreshMart Supermarket,119.97,,38041.43,xx9003,Groceries,expense,FreshMart,merchant_match,high
2023-09-05,BeanCo Coffee,9.60,,38031.83,xx9001,Dining Out & Takeaway,expense,BeanCo,merchant_match,high
2023-09-05,FuelStop Petrol,94.83,,37937.00,xx9003,Vehicle Expenses,expense,FuelStop,merchant_match,high
2023-09-05,Parking Authority,11.25,,37925.75,xx9003,Transport & Parking,expense,Parking Authority,merchant_match,high
2023-09-05,BookworldOnline,16.00,,37909.75,xx9001,Media Subscriptions,expense,BookworldOnline,merchant_match,high
2023-09-06,FastFoods Drive-Thru,35.95,,37873.80,xx9002,Dining Out & Takeaway,expense,FastFoods,merchant_match,high
2023-09-06,CityRail,6.29,,37867.51,xx9002,Transport & Parking,expense,CityRail,merchant_match,high
2023-09-06,VetCare Animal Hospital,119.80,,37747.71,xx9003,Pet Expenses,expense,VetCare,merchant_match,high
2023-09-07,FreshMart Supermarket,124.06,,37623.65,xx9001,Groceries,expense,FreshMart,merchant_match,high
2023-09-07,BeanCo Coffee,12.16,,37611.49,xx9003,Dining Out & Takeaway,expense,BeanCo,merchant_match,high
2023-09-07,CityRail,7.41,,37604.08,xx9003,Transport & Parking,expense,CityRail,merchant_match,high
2023-09-07,Council Rates,420.12,,37183.96,xx9003,Utilities & Rates,expense,Council Rates,merchant_match,high
2023-09-07,MusicCloud,12.00,,37171.96,xx9001,Media Subscriptions,expense,MusicCloud,merchant_match,high
2023-09-07,Fashion Outlet,77.43,,37094.53,xx9003,Clothing & Footwear,expense,Fashion Outlet,merchant_match,high
2023-09-08,Corner Grocer,51.73,,37042.80,xx9002,Groceries,expense,Corner Grocer,merchant_match,high
2023-09-08,WaterCorp,135.64,,36907.16,xx9002,Utilities & Rates,expense,WaterCorp,merchant_match,high
2023-09-08,CinemaWorld,41.18,,36865.98,xx9003,Social & Recreation,expense,CinemaWorld,merchant_match,high
2023-09-09,BeanCo Coffee,9.96,,36856.02,xx9001,Dining Out & Takeaway,expense,BeanCo,merchant_match,high
2023-09-09,HomeSafe Insurance,196.81,,36659.21,xx9001,Insurance,expense,HomeSafe,merchant_match,high
2023-09-09,Fashion Outlet,64.41,,36594.80,xx9001,Clothing & Footwear,expense,Fashion Outlet,merchant_match,high
2023-09-10,Pizza Palace,39.08,,36555.72,xx9001,Dining Out & Takeaway,expense,Pizza Palace,merchant_match,high
2023-09-10,FastFoods Drive-Thru,14.37,,36541.35,xx9002,Dining Out & Takeaway,expense,FastFoods,merchant_match,high
2023-09-10,CityRail,5.25,,36536.10,xx9001,Transport & Parking,expense,CityRail,merchant_match,high
2023-09-10,Garden Nursery,14.43,,36521.67,xx9002,Home & Garden,expense,Garden Nursery,merchant_match,high
2023-09-11,Home Loan Repayment,920.00,,35601.67,xx9001,Housing – Mortgage,expense,Home Loan,mortgage_pattern,high
2023-09-11,FastFoods Drive-Thru,22.66,,35579.01,xx9001,Dining Out & Takeaway,expense,FastFoods,merchant_match,high
2023-09-11,CinemaWorld,39.25,,35539.76,xx9002,Social & Recreation,expense,CinemaWorld,merchant_match,high
2023-09-12,FreshMart Supermarket,120.31,,35419.45,xx9001,Groceries,expense,FreshMart,merchant_match,high
2023-09-12,FastFoods Drive-Thru,16.13,,35403.32,xx9003,Dining Out & Takeaway,expense,FastFoods,merchant_match,high
2023-09-12,FuelStop Petrol,65.96,,35337.36,xx9002,Vehicle Expenses,expense,FuelStop,merchant_match,high
2023-09-12,CityRail,8.19,,35329.17,xx9001,Transport & Parking,expense,CityRail,merchant_match,high
2023-09-12,Telco Plus Mobile,60.00,,35269.17,xx9002,Communications & Internet,expense,Telco Plus,merchant_match,high
2023-09-12,Online Learning,45.00,,35224.17,xx9002,Education & Training,expense,Online Learning,merchant_match,high
2023-09-13,Salary Employer A,,3580.16,38804.33,xx9001,INCOME,income,Employer A — Wage,income_match,high
2023-09-13,Salary Employer B,,2794.75,41599.08,xx9001,INCOME,income,Employer B — Wage,income_match,high
2023-09-13,Corner Grocer,37.09,,41561.99,xx9003,Groceries,expense,Corner Grocer,merchant_match,high
2023-09-13,BeanCo Coffee,15.28,,41546.71,xx9002,Dining Out & Takeaway,expense,BeanCo,merchant_match,high
2023-09-13,FastFoods Drive-Thru,26.63,,41520.08,xx9001,Dining Out & Takeaway,expense,FastFoods,merchant_match,high
2023-09-13,Parking Authority,14.19,,41505.89,xx9002,Transport & Parking,expense,Parking Authority,merchant_match,high
2023-09-13,AutoSure Car Insurance,108.09,,41397.80,xx9002,Insurance,expense,AutoSure,merchant_match,high
2023-09-14,MedCentre,90.66,,41307.14,xx9001,Medical & Health,expense,MedCentre,merchant_match,high
2023-09-14,Big Box Hardware,38.41,,41268.73,xx9001,Home & Garden,expense,Big Box Hardware,merchant_match,high
2023-09-15,BeanCo Coffee,11.92,,41256.81,xx9003,Dining Out & Takeaway,expense,BeanCo,merchant_match,high
2023-09-15,Parking Authority,16.20,,41240.61,xx9002,Transport & Parking,expense,Parking Authority,merchant_match,high
2023-09-16,BeanCo Coffee,13.20,,41227.41,xx9001,Dining Out & Takeaway,expense,BeanCo,merchant_match,high
2023-09-16,Parking Authority,13.39,,41214.02,xx9003,Transport & Parking,expense,Parking Authority,merchant_match,high
2023-09-16,CityPharmacy,41.20,,41172.82,xx9003,Medical & Health,expense,CityPharmacy,merchant_match,high
2023-09-17,FreshMart Supermarket,152.43,,41020.39,xx9002,Groceries,expense,FreshMart,merchant_match,high
2023-09-17,BeanCo Coffee,8.73,,41011.66,xx9003,Dining Out & Takeaway,expense,BeanCo,merchant_match,high
2023-09-17,Garden Nursery,34.82,,40976.84,xx9001,Home & Garden,expense,Garden Nursery,merchant_match,high
2023-09-17,TechMegaStore,66.57,,40910.27,xx9002,Technology & Equipment,expense,TechMegaStore,merchant_match,high
2023-09-18,Home Loan Repayment,920.00,,39990.27,xx9001,Housing – Mortgage,expense,Home Loan,mortgage_pattern,high
2023-09-18,BeanCo Coffee,8.78,,39981.49,xx9001,Dining Out & Takeaway,expense,BeanCo,merchant_match,high
2023-09-18,FastFoods Drive-Thru,18.22,,39963.27,xx9002,Dining Out & Takeaway,expense,FastFoods,merchant_match,high
2023-09-18,FuelStop Petrol,76.97,,39886.30,xx9002,Vehicle Expenses,expense,FuelStop,merchant_match,high
2023-09-19,FreshMart Supermarket,66.91,,39819.39,xx9003,Groceries,expense,FreshMart,merchant_match,high
2023-09-19,CityRail,9.31,,39810.08,xx9003,Transport & Parking,expense,CityRail,merchant_match,high
2023-09-19,PetSupplies Co,92.93,,39717.15,xx9003,Pet Expenses,expense,PetSupplies,merchant_match,high
2023-09-20,Parking Authority,7.02,,39710.13,xx9002,Transport & Parking,expense,Parking Authority,merchant_match,high
2023-09-20,Fashion Outlet,74.78,,39635.35,xx9001,Clothing & Footwear,expense,Fashion Outlet,merchant_match,high
2023-09-21,BeanCo Coffee,12.55,,39622.80,xx9001,Dining Out & Takeaway,expense,BeanCo,merchant_match,high
2023-09-21,MusicCloud,12.00,,39610.80,xx9001,Media Subscriptions,expense,MusicCloud,merchant_match,high
2023-09-21,ShoeStore,138.59,,39472.21,xx9002,Clothing & Footwear,expense,ShoeStore,merchant_match,high
2023-09-21,Birthday Gift Shop,66.01,,39406.20,xx9002,Gifts,expense,Birthday Gift Shop,merchant_match,high
2023-09-22,PetSupplies Co,63.44,,39342.76,xx9002,Pet Expenses,expense,PetSupplies,merchant_match,high
2023-09-23,BeanCo Coffee,15.64,,39327.12,xx9001,Dining Out & Takeaway,expense,BeanCo,merchant_match,high
2023-09-24,BeanCo Coffee,12.81,,39314.31,xx9001,Dining Out & Takeaway,expense,BeanCo,merchant_match,high
2023-09-24,Pizza Palace,36.13,,39278.18,xx9001,Dining Out & Takeaway,expense,Pizza Palace,merchant_match,high
2023-09-24,FuelStop Petrol,89.44,,39188.74,xx9002,Vehicle Expenses,expense,FuelStop,merchant_match,high
2023-09-24,Parking Authority,11.19,,39177.55,xx9002,Transport & Parking,expense,Parking Authority,merchant_match,high
2023-09-24,HomeSafe Insurance,184.49,,38993.06,xx9003,Insurance,expense,HomeSafe,merchant_match,high
2023-09-24,Mini Golf Co,42.86,,38950.20,xx9001,Social & Recreation,expense,Mini Golf Co,merchant_match,high
2023-09-24,Beauty Spa,88.46,,38861.74,xx9002,Personal Care,expense,Beauty Spa,merchant_match,high
2023-09-25,Home Loan Repayment,920.00,,37941.74,xx9001,Housing – Mortgage,expense,Home Loan,mortgage_pattern,high
2023-09-25,MedCentre,82.88,,37858.86,xx9003,Medical & Health,expense,MedCentre,merchant_match,high
2023-09-25,Big Box Hardware,54.67,,37804.19,xx9003,Home & Garden,expense,Big Box Hardware,merchant_match,high
2023-09-27,Salary Employer A,,3421.55,41225.74,xx9001,INCOME,income,Employer A — Wage,income_match,high
2023-09-27,Salary Employer B,,2837.56,44063.30,xx9001,INCOME,income,Employer B — Wage,income_match,high
2023-09-27,Corner Grocer,50.96,,44012.34,xx9001,Groceries,expense,Corner Grocer,merchant_match,high
2023-09-27,Pizza Palace,31.75,,43980.59,xx9001,Dining Out & Takeaway,expense,Pizza Palace,merchant_match,high
2023-09-27,PetSupplies Co,38.49,,43942.10,xx9002,Pet Expenses,expense,PetSupplies,merchant_match,high
2023-09-28,BeanCo Coffee,10.63,,43931.47,xx9002,Dining Out & Takeaway,expense,BeanCo,merchant_match,high
2023-09-28,CityRail,4.94,,43926.53,xx9003,Transport & Parking,expense,CityRail,merchant_match,high
2023-09-28,Australia Post,5.30,,43921.23,xx9002,Administrative & Post,expense,Australia Post,merchant_match,high
2023-09-29,Beauty Spa,48.07,,43873.16,xx9002,Personal Care,expense,Beauty Spa,merchant_match,high
2023-09-29,Birthday Gift Shop,34.19,,43838.97,xx9001,Gifts,expense,Birthday Gift Shop,merchant_match,high
2023-09-30,CityPharmacy,44.62,,43794.35,xx9003,Medical & Health,expense,CityPharmacy,merchant_match,high
2023-09-30,WineCellar,57.97,,43736.38,xx9001,Alcohol,expense,WineCellar,merchant_match,high
2023-09-30,TechMegaStore,233.91,,43502.47,xx9002,Technology & Equipment,expense,TechMegaStore,merchant_match,high
2023-10-01,BeanCo Coffee,17.16,,43485.31,xx9003,Dining Out & Takeaway,expense,BeanCo,merchant_match,high
2023-10-01,FuelStop Petrol,68.83,,43416.48,xx9002,Vehicle Expenses,expense,FuelStop,merchant_match,high
2023-10-01,CityRail,6.88,,43409.60,xx9002,Transport & Parking,expense,CityRail,merchant_match,high
2023-10-02,Home Loan Repayment,920.00,,42489.60,xx9001,Housing – Mortgage,expense,Home Loan,mortgage_pattern,high
2023-10-02,FreshMart Supermarket,123.99,,42365.61,xx9002,Groceries,expense,FreshMart,merchant_match,high
2023-10-02,Pizza Palace,38.20,,42327.41,xx9002,Dining Out & Takeaway,expense,Pizza Palace,merchant_match,high
2023-10-02,LocalBrewery,27.04,,42300.37,xx9002,Alcohol,expense,LocalBrewery,merchant_match,high
2023-10-03,FreshMart Supermarket,152.30,,42148.07,xx9002,Groceries,expense,FreshMart,merchant_match,high
2023-10-03,WaterCorp,132.31,,42015.76,xx9002,Utilities & Rates,expense,WaterCorp,merchant_match,high
2023-10-03,MedCentre,115.05,,41900.71,xx9001,Medical & Health,expense,MedCentre,merchant_match,high
2023-10-03,Fashion Outlet,75.08,,41825.63,xx9001,Clothing & Footwear,expense,Fashion Outlet,merchant_match,high
2023-10-04,BeanCo Coffee,12.00,,41813.63,xx9003,Dining Out & Takeaway,expense,BeanCo,merchant_match,high
2023-10-04,Birthday Gift Shop,78.74,,41734.89,xx9002,Gifts,expense,Birthday Gift Shop,merchant_match,high
2023-10-05,HomePower Utilities,306.45,,41428.44,xx9001,Utilities & Rates,expense,HomePower,merchant_match,high
2023-10-05,FibreNet Internet,85.00,,41343.44,xx9002,Communications & Internet,expense,FibreNet,merchant_match,high
2023-10-06,FreshMart Supermarket,101.60,,41241.84,xx9002,Groceries,expense,FreshMart,merchant_match,high
2023-10-06,BeanCo Coffee,12.74,,41229.10,xx9002,Dining Out & Takeaway,expense,BeanCo,merchant_match,high
2023-10-06,FastFoods Drive-Thru,11.73,,41217.37,xx9002,Dining Out & Takeaway,expense,FastFoods,merchant_match,high
2023-10-06,Telco Plus Mobile,60.00,,41157.37,xx9001,Communications & Internet,expense,Telco Plus,merchant_match,high
2023-10-07,BeanCo Coffee,10.63,,41146.74,xx9002,Dining Out & Takeaway,expense,BeanCo,merchant_match,high
2023-10-07,FastFoods Drive-Thru,10.24,,41136.50,xx9002,Dining Out & Takeaway,expense,FastFoods,merchant_match,high
2023-10-07,CityRail,8.25,,41128.25,xx9001,Transport & Parking,expense,CityRail,merchant_match,high
2023-10-07,FibreNet Internet,85.00,,41043.25,xx9001,Communications & Internet,expense,FibreNet,merchant_match,high
2023-10-07,YogaStudio,45.00,,40998.25,xx9001,Sport & Hobbies,expense,YogaStudio,merchant_match,high
2023-10-08,Corner Grocer,51.32,,40946.93,xx9001,Groceries,expense,Corner Grocer,merchant_match,high
2023-10-08,CityRail,7.01,,40939.92,xx9002,Transport & Parking,expense,CityRail,merchant_match,high
2023-10-08,YogaStudio,45.00,,40894.92,xx9001,Sport & Hobbies,expense,YogaStudio,merchant_match,high
2023-10-08,TechMegaStore,245.80,,40649.12,xx9002,Technology & Equipment,expense,TechMegaStore,merchant_match,high
2023-10-09,Home Loan Repayment,920.00,,39729.12,xx9001,Housing – Mortgage,expense,Home Loan,mortgage_pattern,high
2023-10-09,BeanCo Coffee,16.86,,39712.26,xx9002,Dining Out & Takeaway,expense,BeanCo,merchant_match,high
2023-10-09,CityRail,9.69,,39702.57,xx9002,Transport & Parking,expense,CityRail,merchant_match,high
2023-10-09,Parking Authority,14.19,,39688.38,xx9003,Transport & Parking,expense,Parking Authority,merchant_match,high
2023-10-09,Big Box Hardware,55.49,,39632.89,xx9002,Home & Garden,expense,Big Box Hardware,merchant_match,high
2023-10-10,Pizza Palace,15.84,,39617.05,xx9002,Dining Out & Takeaway,expense,Pizza Palace,merchant_match,high
2023-10-10,Big Box Hardware,102.78,,39514.27,xx9002,Home & Garden,expense,Big Box Hardware,merchant_match,high
2023-10-10,Australia Post,21.11,,39493.16,xx9002,Administrative & Post,expense,Australia Post,merchant_match,high
2023-10-11,Salary Employer A,,3234.11,42727.27,xx9001,INCOME,income,Employer A — Wage,income_match,high
2023-10-11,Salary Employer B,,2410.20,45137.47,xx9001,INCOME,income,Employer B — Wage,income_match,high
2023-10-11,CityRail,6.73,,45130.74,xx9002,Transport & Parking,expense,CityRail,merchant_match,high
2023-10-11,CityPharmacy,30.46,,45100.28,xx9001,Medical & Health,expense,CityPharmacy,merchant_match,high
2023-10-11,OnceOff Repair,60.25,,45040.03,xx9002,One-off Expenses,expense,OnceOff Repair,merchant_match,high
2023-10-12,MedCentre,61.07,,44978.96,xx9001,Medical & Health,expense,MedCentre,merchant_match,high
2023-10-13,CityRail,7.97,,44970.99,xx9002,Transport & Parking,expense,CityRail,merchant_match,high
2023-10-13,AutoSure Car Insurance,92.56,,44878.43,xx9002,Insurance,expense,AutoSure,merchant_match,high
2023-10-13,CinemaWorld,19.80,,44858.63,xx9001,Social & Recreation,expense,CinemaWorld,merchant_match,high
2023-10-14,FreshMart Supermarket,173.45,,44685.18,xx9001,Groceries,expense,FreshMart,merchant_match,high
2023-10-15,BeanCo Coffee,12.77,,44672.41,xx9001,Dining Out & Takeaway,expense,BeanCo,merchant_match,high
2023-10-16,Home Loan Repayment,920.00,,43752.41,xx9001,Housing – Mortgage,expense,Home Loan,mortgage_pattern,high
2023-10-16,Pizza Palace,42.49,,43709.92,xx9003,Dining Out & Takeaway,expense,Pizza Palace,merchant_match,high
2023-10-16,CityRail,8.40,,43701.52,xx9002,Transport & Parking,expense,CityRail,merchant_match,high
2023-10-16,PetSupplies Co,54.43,,43647.09,xx9002,Pet Expenses,expense,PetSupplies,merchant_match,high
2023-10-17,FreshMart Supermarket,107.90,,43539.19,xx9001,Groceries,expense,FreshMart,merchant_match,high
2023-10-17,BeanCo Coffee,11.55,,43527.64,xx9002,Dining Out & Takeaway,expense,BeanCo,merchant_match,high
2023-10-17,Fashion Outlet,54.25,,43473.39,xx9002,Clothing & Footwear,expense,Fashion Outlet,merchant_match,high
2023-10-17,CinemaWorld,29.58,,43443.81,xx9001,Social & Recreation,expense,CinemaWorld,merchant_match,high
2023-10-17,FitnessFirst Gym,65.00,,43378.81,xx9003,Sport & Hobbies,expense,FitnessFirst,merchant_match,high
2023-10-18,FreshMart Supermarket,79.15,,43299.66,xx9001,Groceries,expense,FreshMart,merchant_match,high
2023-10-18,Pizza Palace,39.52,,43260.14,xx9001,Dining Out & Takeaway,expense,Pizza Palace,merchant_match,high
2023-10-18,FastFoods Drive-Thru,23.70,,43236.44,xx9003,Dining Out & Takeaway,expense,FastFoods,merchant_match,high
2023-10-18,CityRail,6.33,,43230.11,xx9001,Transport & Parking,expense,CityRail,merchant_match,high
2023-10-18,WineCellar,39.48,,43190.63,xx9002,Alcohol,expense,WineCellar,merchant_match,high
2023-10-18,BankFee,4.00,,43186.63,xx9001,Bank Fees,expense,BankFee,merchant_match,high
2023-10-18,Australia Post,17.15,,43169.48,xx9002,Administrative & Post,expense,Australia Post,merchant_match,high
2023-10-18,Online Learning,45.00,,43124.48,xx9002,Education & Training,expense,Online Learning,merchant_match,high
2023-10-19,FuelStop Petrol,68.67,,43055.81,xx9001,Vehicle Expenses,expense,FuelStop,merchant_match,high
2023-10-20,Corner Grocer,54.56,,43001.25,xx9003,Groceries,expense,Corner Grocer,merchant_match,high
2023-10-20,BeanCo Coffee,13.74,,42987.51,xx9001,Dining Out & Takeaway,expense,BeanCo,merchant_match,high
2023-10-20,WineCellar,67.44,,42920.07,xx9003,Alcohol,expense,WineCellar,merchant_match,high
2023-10-20,TechMegaStore,165.36,,42754.71,xx9003,Technology & Equipment,expense,TechMegaStore,merchant_match,high
2023-10-21,Corner Grocer,42.25,,42712.46,xx9002,Groceries,expense,Corner Grocer,merchant_match,high
2023-10-21,BeanCo Coffee,13.93,,42698.53,xx9003,Dining Out & Takeaway,expense,BeanCo,merchant_match,high
2023-10-21,FastFoods Drive-Thru,24.86,,42673.67,xx9003,Dining Out & Takeaway,expense,FastFoods,merchant_match,high
2023-10-21,BankFee,4.00,,42669.67,xx9001,Bank Fees,expense,BankFee,merchant_match,high
2023-10-22,FuelStop Petrol,92.61,,42577.06,xx9002,Vehicle Expenses,expense,FuelStop,merchant_match,high
2023-10-22,CityRail,9.46,,42567.60,xx9003,Transport & Parking,expense,CityRail,merchant_match,high
2023-10-22,CityPharmacy,28.50,,42539.10,xx9001,Medical & Health,expense,CityPharmacy,merchant_match,high
2023-10-23,Home Loan Repayment,920.00,,41619.10,xx9001,Housing – Mortgage,expense,Home Loan,mortgage_pattern,high
2023-10-23,Big Box Hardware,59.39,,41559.71,xx9001,Home & Garden,expense,Big Box Hardware,merchant_match,high
2023-10-25,Salary Employer A,,3310.86,44870.57,xx9001,INCOME,income,Employer A — Wage,income_match,high
2023-10-25,Salary Employer B,,2641.80,47512.37,xx9001,INCOME,income,Employer B — Wage,income_match,high
2023-10-25,CityRail,7.26,,47505.11,xx9001,Transport & Parking,expense,CityRail,merchant_match,high
2023-10-25,Parking Authority,15.21,,47489.90,xx9002,Transport & Parking,expense,Parking Authority,merchant_match,high
2023-10-25,FibreNet Internet,85.00,,47404.90,xx9003,Communications & Internet,expense,FibreNet,merchant_match,high
2023-10-25,ShoeStore,114.73,,47290.17,xx9003,Clothing & Footwear,expense,ShoeStore,merchant_match,high
2023-10-25,YogaStudio,45.00,,47245.17,xx9002,Sport & Hobbies,expense,YogaStudio,merchant_match,high
2023-10-25,Travel Agency,766.95,,46478.22,xx9001,Holidays & Travel,expense,Travel Agency,merchant_match,high
2023-10-26,FastFoods Drive-Thru,33.44,,46444.78,xx9002,Dining Out & Takeaway,expense,FastFoods,merchant_match,high
2023-10-26,CityRail,7.25,,46437.53,xx9003,Transport & Parking,expense,CityRail,merchant_match,high
2023-10-26,LocalBrewery,43.94,,46393.59,xx9002,Alcohol,expense,LocalBrewery,merchant_match,high
2023-10-27,BeanCo Coffee,7.60,,46385.99,xx9002,Dining Out & Takeaway,expense,BeanCo,merchant_match,high
2023-10-27,Big Box Hardware,64.22,,46321.77,xx9002,Home & Garden,expense,Big Box Hardware,merchant_match,high
2023-10-28,FreshMart Supermarket,120.34,,46201.43,xx9001,Groceries,expense,FreshMart,merchant_match,high
2023-10-28,BeanCo Coffee,13.20,,46188.23,xx9002,Dining Out & Takeaway,expense,BeanCo,merchant_match,high
2023-10-28,FuelStop Petrol,78.62,,46109.61,xx9003,Vehicle Expenses,expense,FuelStop,merchant_match,high
2023-10-28,CityRail,7.41,,46102.20,xx9001,Transport & Parking,expense,CityRail,merchant_match,high
2023-10-28,CityPharmacy,58.67,,46043.53,xx9002,Medical & Health,expense,CityPharmacy,merchant_match,high
2023-10-28,WineCellar,43.79,,45999.74,xx9002,Alcohol,expense,WineCellar,merchant_match,high
2023-10-28,Birthday Gift Shop,50.76,,45948.98,xx9001,Gifts,expense,Birthday Gift Shop,merchant_match,high
2023-10-29,Corner Grocer,57.99,,45890.99,xx9003,Groceries,expense,Corner Grocer,merchant_match,high
2023-10-29,BeanCo Coffee,14.40,,45876.59,xx9001,Dining Out & Takeaway,expense,BeanCo,merchant_match,high
2023-10-29,CityRail,10.11,,45866.48,xx9002,Transport & Parking,expense,CityRail,merchant_match,high
2023-10-29,HomePower Utilities,334.17,,45532.31,xx9001,Utilities & Rates,expense,HomePower,merchant_match,high
2023-10-30,Home Loan Repayment,920.00,,44612.31,xx9001,Housing – Mortgage,expense,Home Loan,mortgage_pattern,high
2023-10-30,FibreNet Internet,85.00,,44527.31,xx9001,Communications & Internet,expense,FibreNet,merchant_match,high
2023-10-30,MusicCloud,12.00,,44515.31,xx9003,Media Subscriptions,expense,MusicCloud,merchant_match,high
2023-10-30,TechMegaStore,311.83,,44203.48,xx9002,Technology & Equipment,expense,TechMegaStore,merchant_match,high
2023-10-31,BeanCo Coffee,13.88,,44189.60,xx9003,Dining Out & Takeaway,expense,BeanCo,merchant_match,high
2023-10-31,PetSupplies Co,61.24,,44128.36,xx9002,Pet Expenses,expense,PetSupplies,merchant_match,high
2023-10-31,MusicCloud,12.00,,44116.36,xx9002,Media Subscriptions,expense,MusicCloud,merchant_match,high
2023-11-01,Parking Authority,15.08,,44101.28,xx9001,Transport & Parking,expense,Parking Authority,merchant_match,high
2023-11-01,MusicCloud,12.00,,44089.28,xx9002,Media Subscriptions,expense,MusicCloud,merchant_match,high
2023-11-02,BeanCo Coffee,11.91,,44077.37,xx9002,Dining Out & Takeaway,expense,BeanCo,merchant_match,high
2023-11-02,Pizza Palace,50.76,,44026.61,xx9003,Dining Out & Takeaway,expense,Pizza Palace,merchant_match,high
2023-11-03,FastFoods Drive-Thru,14.95,,44011.66,xx9002,Dining Out & Takeaway,expense,FastFoods,merchant_match,high
2023-11-04,BeanCo Coffee,8.86,,44002.80,xx9002,Dining Out & Takeaway,expense,BeanCo,merchant_match,high
2023-11-04,Parking Authority,11.60,,43991.20,xx9003,Transport & Parking,expense,Parking Authority,merchant_match,high
2023-11-04,LocalBrewery,22.69,,43968.51,xx9001,Alcohol,expense,LocalBrewery,merchant_match,high
2023-11-06,Home Loan Repayment,920.00,,43048.51,xx9001,Housing – Mortgage,expense,Home Loan,mortgage_pattern,high
2023-11-06,FastFoods Drive-Thru,25.29,,43023.22,xx9001,Dining Out & Takeaway,expense,FastFoods,merchant_match,high
2023-11-06,CityRail,7.69,,43015.53,xx9001,Transport & Parking,expense,CityRail,merchant_match,high
2023-11-06,CinemaWorld,29.28,,42986.25,xx9003,Social & Recreation,expense,CinemaWorld,merchant_match,high
2023-11-06,Beauty Spa,100.67,,42885.58,xx9001,Personal Care,expense,Beauty Spa,merchant_match,high
2023-11-07,FastFoods Drive-Thru,27.07,,42858.51,xx9001,Dining Out & Takeaway,expense,FastFoods,merchant_match,high
2023-11-07,CinemaWorld,39.53,,42818.98,xx9003,Social & Recreation,expense,CinemaWorld,merchant_match,high
2023-11-07,Beauty Spa,86.67,,42732.31,xx9003,Personal Care,expense,Beauty Spa,merchant_match,high
2023-11-08,Salary Employer A,,3502.87,46235.18,xx9001,INCOME,income,Employer A — Wage,income_match,high
2023-11-08,Salary Employer B,,2799.47,49034.65,xx9001,INCOME,income,Employer B — Wage,income_match,high
2023-11-08,Charity Foundation,25.00,,49009.65,xx9002,Donations & Charity,expense,Charity Foundation,merchant_match,high
2023-11-09,FreshMart Supermarket,169.08,,48840.57,xx9002,Groceries,expense,FreshMart,merchant_match,high
2023-11-09,CityRail,8.04,,48832.53,xx9001,Transport & Parking,expense,CityRail,merchant_match,high
2023-11-09,Parking Authority,15.20,,48817.33,xx9001,Transport & Parking,expense,Parking Authority,merchant_match,high
2023-11-10,MedCentre,81.62,,48735.71,xx9003,Medical & Health,expense,MedCentre,merchant_match,high
2023-11-11,FreshMart Supermarket,86.45,,48649.26,xx9001,Groceries,expense,FreshMart,merchant_match,high
2023-11-11,BeanCo Coffee,10.59,,48638.67,xx9003,Dining Out & Takeaway,expense,BeanCo,merchant_match,high
2023-11-11,FastFoods Drive-Thru,22.83,,48615.84,xx9001,Dining Out & Takeaway,expense,FastFoods,merchant_match,high
2023-11-11,FuelStop Petrol,89.12,,48526.72,xx9002,Vehicle Expenses,expense,FuelStop,merchant_match,high
2023-11-11,Big Box Hardware,89.23,,48437.49,xx9003,Home & Garden,expense,Big Box Hardware,merchant_match,high
2023-11-11,Fashion Outlet,74.54,,48362.95,xx9003,Clothing & Footwear,expense,Fashion Outlet,merchant_match,high
2023-11-11,ShoeStore,104.86,,48258.09,xx9003,Clothing & Footwear,expense,ShoeStore,merchant_match,high
2023-11-12,BeanCo Coffee,9.88,,48248.21,xx9002,Dining Out & Takeaway,expense,BeanCo,merchant_match,high
2023-11-12,Parking Authority,16.39,,48231.82,xx9001,Transport & Parking,expense,Parking Authority,merchant_match,high
2023-11-12,MusicCloud,12.00,,48219.82,xx9003,Media Subscriptions,expense,MusicCloud,merchant_match,high
2023-11-13,Home Loan Repayment,920.00,,47299.82,xx9001,Housing – Mortgage,expense,Home Loan,mortgage_pattern,high
2023-11-13,FreshMart Supermarket,123.19,,47176.63,xx9001,Groceries,expense,FreshMart,merchant_match,high
2023-11-13,CityRail,7.92,,47168.71,xx9001,Transport & Parking,expense,CityRail,merchant_match,high
2023-11-13,Charity Foundation,25.00,,47143.71,xx9001,Donations & Charity,expense,Charity Foundation,merchant_match,high
2023-11-14,FastFoods Drive-Thru,21.41,,47122.30,xx9002,Dining Out & Takeaway,expense,FastFoods,merchant_match,high
2023-11-14,FuelStop Petrol,75.08,,47047.22,xx9001,Vehicle Expenses,expense,FuelStop,merchant_match,high
2023-11-14,CityRail,8.25,,47038.97,xx9003,Transport & Parking,expense,CityRail,merchant_match,high
2023-11-14,AutoSure Car Insurance,101.79,,46937.18,xx9003,Insurance,expense,AutoSure,merchant_match,high
2023-11-14,Fashion Outlet,108.99,,46828.19,xx9002,Clothing & Footwear,expense,Fashion Outlet,merchant_match,high
2023-11-15,FreshMart Supermarket,116.09,,46712.10,xx9002,Groceries,expense,FreshMart,merchant_match,high
2023-11-15,BeanCo Coffee,11.55,,46700.55,xx9003,Dining Out & Takeaway,expense,BeanCo,merchant_match,high
2023-11-15,CityRail,6.28,,46694.27,xx9003,Transport & Parking,expense,CityRail,merchant_match,high
2023-11-15,MusicCloud,12.00,,46682.27,xx9002,Media Subscriptions,expense,MusicCloud,merchant_match,high
2023-11-15,Mini Golf Co,38.57,,46643.70,xx9002,Social & Recreation,expense,Mini Golf Co,merchant_match,high
2023-11-16,BeanCo Coffee,7.56,,46636.14,xx9001,Dining Out & Takeaway,expense,BeanCo,merchant_match,high
2023-11-16,CityRail,7.80,,46628.34,xx9003,Transport & Parking,expense,CityRail,merchant_match,high
2023-11-17,WineCellar,50.69,,46577.65,xx9002,Alcohol,expense,WineCellar,merchant_match,high
2023-11-17,CinemaWorld,28.81,,46548.84,xx9001,Social & Recreation,expense,CinemaWorld,merchant_match,high
2023-11-17,TechMegaStore,245.61,,46303.23,xx9002,Technology & Equipment,expense,TechMegaStore,merchant_match,high
2023-11-18,FastFoods Drive-Thru,14.71,,46288.52,xx9003,Dining Out & Takeaway,expense,FastFoods,merchant_match,high
2023-11-18,CityRail,5.24,,46283.28,xx9001,Transport & Parking,expense,CityRail,merchant_match,high
2023-11-19,MedCentre,98.70,,46184.58,xx9001,Medical & Health,expense,MedCentre,merchant_match,high
2023-11-19,WineCellar,39.77,,46144.81,xx9002,Alcohol,expense,WineCellar,merchant_match,high
2023-11-20,Home Loan Repayment,920.00,,45224.81,xx9001,Housing – Mortgage,expense,Home Loan,mortgage_pattern,high
2023-11-20,HomePower Utilities,298.62,,44926.19,xx9002,Utilities & Rates,expense,HomePower,merchant_match,high
2023-11-20,ShoeStore,124.37,,44801.82,xx9002,Clothing & Footwear,expense,ShoeStore,merchant_match,high
2023-11-21,BeanCo Coffee,13.51,,44788.31,xx9003,Dining Out & Takeaway,expense,BeanCo,merchant_match,high
2023-11-21,Council Rates,447.91,,44340.40,xx9002,Utilities & Rates,expense,Council Rates,merchant_match,high
2023-11-22,Salary Employer A,,3355.59,47695.99,xx9001,INCOME,income,Employer A — Wage,income_match,high
2023-11-22,Salary Employer B,,3190.98,50886.97,xx9001,INCOME,income,Employer B — Wage,income_match,high
2023-11-22,BeanCo Coffee,12.15,,50874.82,xx9003,Dining Out & Takeaway,expense,BeanCo,merchant_match,high
2023-11-22,FuelStop Petrol,91.22,,50783.60,xx9001,Vehicle Expenses,expense,FuelStop,merchant_match,high
2023-11-22,Fashion Outlet,108.69,,50674.91,xx9003,Clothing & Footwear,expense,Fashion Outlet,merchant_match,high
2023-11-23,Corner Grocer,33.57,,50641.34,xx9001,Groceries,expense,Corner Grocer,merchant_match,high
2023-11-23,ShoeStore,138.90,,50502.44,xx9003,Clothing & Footwear,expense,ShoeStore,merchant_match,high
2023-11-23,CinemaWorld,36.29,,50466.15,xx9002,Social & Recreation,expense,CinemaWorld,merchant_match,high
2023-11-24,FastFoods Drive-Thru,19.09,,50447.06,xx9003,Dining Out & Takeaway,expense,FastFoods,merchant_match,high
2023-11-24,FuelStop Petrol,68.01,,50379.05,xx9003,Vehicle Expenses,expense,FuelStop,merchant_match,high
2023-11-25,Corner Grocer,36.01,,50343.04,xx9001,Groceries,expense,Corner Grocer,merchant_match,high
2023-11-25,BeanCo Coffee,13.68,,50329.36,xx9003,Dining Out & Takeaway,expense,BeanCo,merchant_match,high
2023-11-25,Pizza Palace,35.09,,50294.27,xx9003,Dining Out & Takeaway,expense,Pizza Palace,merchant_match,high
2023-11-25,FastFoods Drive-Thru,24.12,,50270.15,xx9002,Dining Out & Takeaway,expense,FastFoods,merchant_match,high
2023-11-25,LocalBrewery,18.11,,50252.04,xx9002,Alcohol,expense,LocalBrewery,merchant_match,high
2023-11-26,Corner Grocer,43.20,,50208.84,xx9001,Groceries,expense,Corner Grocer,merchant_match,high
2023-11-26,BeanCo Coffee,12.46,,50196.38,xx9002,Dining Out & Takeaway,expense,BeanCo,merchant_match,high
2023-11-26,Parking Authority,16.07,,50180.31,xx9003,Transport & Parking,expense,Parking Authority,merchant_match,high
2023-11-26,MedCentre,63.88,,50116.43,xx9003,Medical & Health,expense,MedCentre,merchant_match,high
2023-11-26,Fashion Outlet,84.87,,50031.56,xx9002,Clothing & Footwear,expense,Fashion Outlet,merchant_match,high
2023-11-27,Home Loan Repayment,920.00,,49111.56,xx9001,Housing – Mortgage,expense,Home Loan,mortgage_pattern,high
2023-11-27,BeanCo Coffee,11.91,,49099.65,xx9003,Dining Out & Takeaway,expense,BeanCo,merchant_match,high
2023-11-27,Mini Golf Co,52.00,,49047.65,xx9001,Social & Recreation,expense,Mini Golf Co,merchant_match,high
2023-11-28,FreshMart Supermarket,131.26,,48916.39,xx9002,Groceries,expense,FreshMart,merchant_match,high
2023-11-28,Corner Grocer,41.49,,48874.90,xx9002,Groceries,expense,Corner Grocer,merchant_match,high
2023-11-29,BeanCo Coffee,13.82,,48861.08,xx9001,Dining Out & Takeaway,expense,BeanCo,merchant_match,high
2023-11-29,FuelStop Petrol,72.38,,48788.70,xx9001,Vehicle Expenses,expense,FuelStop,merchant_match,high
2023-11-29,MedCentre,146.47,,48642.23,xx9001,Medical & Health,expense,MedCentre,merchant_match,high
2023-11-30,CityPharmacy,26.67,,48615.56,xx9002,Medical & Health,expense,CityPharmacy,merchant_match,high
2023-12-01,BeanCo Coffee,15.60,,48599.96,xx9003,Dining Out & Takeaway,expense,BeanCo,merchant_match,high
2023-12-01,Pizza Palace,50.42,,48549.54,xx9003,Dining Out & Takeaway,expense,Pizza Palace,merchant_match,high
2023-12-01,FuelStop Petrol,92.05,,48457.49,xx9002,Vehicle Expenses,expense,FuelStop,merchant_match,high
2023-12-01,FibreNet Internet,85.00,,48372.49,xx9002,Communications & Internet,expense,FibreNet,merchant_match,high
2023-12-01,CinemaWorld,27.93,,48344.56,xx9003,Social & Recreation,expense,CinemaWorld,merchant_match,high
2023-12-01,Hairdresser,53.61,,48290.95,xx9002,Personal Care,expense,Hairdresser,merchant_match,high
2023-12-02,FreshMart Supermarket,181.50,,48109.45,xx9002,Groceries,expense,FreshMart,merchant_match,high
2023-12-02,BeanCo Coffee,13.92,,48095.53,xx9001,Dining Out & Takeaway,expense,BeanCo,merchant_match,high
2023-12-02,Pizza Palace,32.31,,48063.22,xx9003,Dining Out & Takeaway,expense,Pizza Palace,merchant_match,high
2023-12-02,FibreNet Internet,85.00,,47978.22,xx9003,Communications & Internet,expense,FibreNet,merchant_match,high
2023-12-02,AutoSure Car Insurance,113.95,,47864.27,xx9002,Insurance,expense,AutoSure,merchant_match,high
2023-12-02,Garden Nursery,25.89,,47838.38,xx9002,Home & Garden,expense,Garden Nursery,merchant_match,high
2023-12-02,WineCellar,70.59,,47767.79,xx9003,Alcohol,expense,WineCellar,merchant_match,high
2023-12-02,TechMegaStore,253.73,,47514.06,xx9002,Technology & Equipment,expense,TechMegaStore,merchant_match,high
2023-12-02,Hairdresser,60.60,,47453.46,xx9002,Personal Care,expense,Hairdresser,merchant_match,high
2023-12-03,FreshMart Supermarket,128.24,,47325.22,xx9001,Groceries,expense,FreshMart,merchant_match,high
2023-12-03,Corner Grocer,53.55,,47271.67,xx9003,Groceries,expense,Corner Grocer,merchant_match,high
2023-12-03,MedCentre,84.75,,47186.92,xx9001,Medical & Health,expense,MedCentre,merchant_match,high
2023-12-03,Big Box Hardware,83.94,,47102.98,xx9002,Home & Garden,expense,Big Box Hardware,merchant_match,high
2023-12-03,CinemaWorld,31.60,,47071.38,xx9001,Social & Recreation,expense,CinemaWorld,merchant_match,high
2023-12-03,YogaStudio,45.00,,47026.38,xx9001,Sport & Hobbies,expense,YogaStudio,merchant_match,high
2023-12-04,Home Loan Repayment,920.00,,46106.38,xx9001,Housing – Mortgage,expense,Home Loan,mortgage_pattern,high
2023-12-04,FreshMart Supermarket,70.65,,46035.73,xx9002,Groceries,expense,FreshMart,merchant_match,high
2023-12-04,Corner Grocer,55.57,,45980.16,xx9001,Groceries,expense,Corner Grocer,merchant_match,high
2023-12-05,FastFoods Drive-Thru,15.97,,45964.19,xx9002,Dining Out & Takeaway,expense,FastFoods,merchant_match,high
2023-12-05,AutoSure Car Insurance,99.11,,45865.08,xx9003,Insurance,expense,AutoSure,merchant_match,high
2023-12-05,CityPharmacy,39.24,,45825.84,xx9003,Medical & Health,expense,CityPharmacy,merchant_match,high
2023-12-05,BookworldOnline,16.00,,45809.84,xx9003,Media Subscriptions,expense,BookworldOnline,merchant_match,high
2023-12-05,WineCellar,43.49,,45766.35,xx9003,Alcohol,expense,WineCellar,merchant_match,high
2023-12-05,LocalBrewery,41.86,,45724.49,xx9001,Alcohol,expense,LocalBrewery,merchant_match,high
2023-12-05,CinemaWorld,41.16,,45683.33,xx9003,Social & Recreation,expense,CinemaWorld,merchant_match,high
2023-12-06,Salary Employer A,,3196.05,48879.38,xx9001,INCOME,income,Employer A — Wage,income_match,high
2023-12-06,Salary Employer B,,2823.72,51703.10,xx9001,INCOME,income,Employer B — Wage,income_match,high
2023-12-06,FastFoods Drive-Thru,16.07,,51687.03,xx9003,Dining Out & Takeaway,expense,FastFoods,merchant_match,high
2023-12-07,FreshMart Supermarket,159.72,,51527.31,xx9002,Groceries,expense,FreshMart,merchant_match,high
2023-12-07,Corner Grocer,53.32,,51473.99,xx9001,Groceries,expense,Corner Grocer,merchant_match,high
2023-12-07,BookworldOnline,16.00,,51457.99,xx9003,Media Subscriptions,expense,BookworldOnline,merchant_match,high
2023-12-07,CinemaWorld,29.70,,51428.29,xx9003,Social & Recreation,expense,CinemaWorld,merchant_match,high
2023-12-08,BeanCo Coffee,11.11,,51417.18,xx9003,Dining Out & Takeaway,expense,BeanCo,merchant_match,high
2023-12-08,StreamFlix,19.00,,51398.18,xx9002,Media Subscriptions,expense,StreamFlix,merchant_match,high
2023-12-08,WineCellar,50.02,,51348.16,xx9001,Alcohol,expense,WineCellar,merchant_match,high
2023-12-08,Australia Post,21.85,,51326.31,xx9002,Administrative & Post,expense,Australia Post,merchant_match,high
2023-12-09,BeanCo Coffee,16.40,,51309.91,xx9002,Dining Out & Takeaway,expense,BeanCo,merchant_match,high
2023-12-09,FastFoods Drive-Thru,24.14,,51285.77,xx9003,Dining Out & Takeaway,expense,FastFoods,merchant_match,high
2023-12-09,CityRail,10.68,,51275.09,xx9001,Transport & Parking,expense,CityRail,merchant_match,high
2023-12-09,WineCellar,44.23,,51230.86,xx9003,Alcohol,expense,WineCellar,merchant_match,high
2023-12-09,BankFee,4.00,,51226.86,xx9001,Bank Fees,expense,BankFee,merchant_match,high
2023-12-10,FuelStop Petrol,90.62,,51136.24,xx9003,Vehicle Expenses,expense,FuelStop,merchant_match,high
2023-12-10,CityRail,12.15,,51124.09,xx9001,Transport & Parking,expense,CityRail,merchant_match,high
2023-12-11,Home Loan Repayment,920.00,,50204.09,xx9001,Housing – Mortgage,expense,Home Loan,mortgage_pattern,high
2023-12-11,HomePower Utilities,233.14,,49970.95,xx9003,Utilities & Rates,expense,HomePower,merchant_match,high
2023-12-11,BankFee,4.00,,49966.95,xx9002,Bank Fees,expense,BankFee,merchant_match,high
2023-12-11,Australia Post,25.06,,49941.89,xx9001,Administrative & Post,expense,Australia Post,merchant_match,high
2023-12-12,FreshMart Supermarket,84.08,,49857.81,xx9002,Groceries,expense,FreshMart,merchant_match,high
2023-12-12,Pizza Palace,40.77,,49817.04,xx9001,Dining Out & Takeaway,expense,Pizza Palace,merchant_match,high
2023-12-12,VetCare Animal Hospital,182.10,,49634.94,xx9003,Pet Expenses,expense,VetCare,merchant_match,high
2023-12-12,Beauty Spa,71.21,,49563.73,xx9003,Personal Care,expense,Beauty Spa,merchant_match,high
2023-12-13,BeanCo Coffee,12.98,,49550.75,xx9001,Dining Out & Takeaway,expense,BeanCo,merchant_match,high
2023-12-13,FastFoods Drive-Thru,23.31,,49527.44,xx9002,Dining Out & Takeaway,expense,FastFoods,merchant_match,high
2023-12-13,CityPharmacy,32.75,,49494.69,xx9003,Medical & Health,expense,CityPharmacy,merchant_match,high
2023-12-13,Fashion Outlet,112.87,,49381.82,xx9001,Clothing & Footwear,expense,Fashion Outlet,merchant_match,high
2023-12-13,CinemaWorld,22.49,,49359.33,xx9001,Social & Recreation,expense,CinemaWorld,merchant_match,high
2023-12-13,BankFee,4.00,,49355.33,xx9003,Bank Fees,expense,BankFee,merchant_match,high
2023-12-14,BeanCo Coffee,14.68,,49340.65,xx9003,Dining Out & Takeaway,expense,BeanCo,merchant_match,high
2023-12-14,FuelStop Petrol,96.87,,49243.78,xx9003,Vehicle Expenses,expense,FuelStop,merchant_match,high
2023-12-14,HomeSafe Insurance,194.20,,49049.58,xx9003,Insurance,expense,HomeSafe,merchant_match,high
2023-12-14,LocalBrewery,31.41,,49018.17,xx9002,Alcohol,expense,LocalBrewery,merchant_match,high
2023-12-14,BankFee,4.00,,49014.17,xx9002,Bank Fees,expense,BankFee,merchant_match,high
2023-12-15,Australia Post,19.10,,48995.07,xx9001,Administrative & Post,expense,Australia Post,merchant_match,high
2023-12-16,Pizza Palace,41.78,,48953.29,xx9003,Dining Out & Takeaway,expense,Pizza Palace,merchant_match,high
2023-12-16,MusicCloud,12.00,,48941.29,xx9003,Media Subscriptions,expense,MusicCloud,merchant_match,high
2023-12-16,Big Box Hardware,88.61,,48852.68,xx9003,Home & Garden,expense,Big Box Hardware,merchant_match,high
2023-12-17,BeanCo Coffee,11.76,,48840.92,xx9001,Dining Out & Takeaway,expense,BeanCo,merchant_match,high
2023-12-17,Australia Post,18.65,,48822.27,xx9003,Administrative & Post,expense,Australia Post,merchant_match,high
2023-12-18,Home Loan Repayment,920.00,,47902.27,xx9001,Housing – Mortgage,expense,Home Loan,mortgage_pattern,high
2023-12-18,FreshMart Supermarket,91.39,,47810.88,xx9003,Groceries,expense,FreshMart,merchant_match,high
2023-12-18,HomePower Utilities,319.13,,47491.75,xx9003,Utilities & Rates,expense,HomePower,merchant_match,high
2023-12-18,AutoSure Car Insurance,90.00,,47401.75,xx9002,Insurance,expense,AutoSure,merchant_match,high
2023-12-18,CityPharmacy,31.48,,47370.27,xx9001,Medical & Health,expense,CityPharmacy,merchant_match,high
2023-12-18,Big Box Hardware,55.88,,47314.39,xx9002,Home & Garden,expense,Big Box Hardware,merchant_match,high
2023-12-18,CinemaWorld,21.27,,47293.12,xx9003,Social & Recreation,expense,CinemaWorld,merchant_match,high
2023-12-19,HomePower Utilities,239.03,,47054.09,xx9002,Utilities & Rates,expense,HomePower,merchant_match,high
2023-12-20,Salary Employer A,,3557.21,50611.30,xx9001,INCOME,income,Employer A — Wage,income_match,high
2023-12-20,Salary Employer B,,2635.77,53247.07,xx9001,INCOME,income,Employer B — Wage,income_match,high
2023-12-20,FreshMart Supermarket,99.93,,53147.14,xx9001,Groceries,expense,FreshMart,merchant_match,high
2023-12-21,FreshMart Supermarket,142.60,,53004.54,xx9003,Groceries,expense,FreshMart,merchant_match,high
2023-12-21,StreamFlix,19.00,,52985.54,xx9001,Media Subscriptions,expense,StreamFlix,merchant_match,high
2023-12-22,BeanCo Coffee,9.10,,52976.44,xx9001,Dining Out & Takeaway,expense,BeanCo,merchant_match,high
2023-12-22,MedCentre,143.65,,52832.79,xx9002,Medical & Health,expense,MedCentre,merchant_match,high
2023-12-23,FreshMart Supermarket,88.56,,52744.23,xx9003,Groceries,expense,FreshMart,merchant_match,high
2023-12-23,BeanCo Coffee,11.69,,52732.54,xx9002,Dining Out & Takeaway,expense,BeanCo,merchant_match,high
2023-12-23,FastFoods Drive-Thru,25.51,,52707.03,xx9001,Dining Out & Takeaway,expense,FastFoods,merchant_match,high
2023-12-23,ShoeStore,124.89,,52582.14,xx9002,Clothing & Footwear,expense,ShoeStore,merchant_match,high
2023-12-24,FreshMart Supermarket,134.90,,52447.24,xx9001,Groceries,expense,FreshMart,merchant_match,high
2023-12-24,Corner Grocer,26.15,,52421.09,xx9001,Groceries,expense,Corner Grocer,merchant_match,high
2023-12-24,BeanCo Coffee,10.11,,52410.98,xx9002,Dining Out & Takeaway,expense,BeanCo,merchant_match,high
2023-12-24,CityRail,11.27,,52399.71,xx9003,Transport & Parking,expense,CityRail,merchant_match,high
2023-12-24,Mini Golf Co,50.39,,52349.32,xx9001,Social & Recreation,expense,Mini Golf Co,merchant_match,high
2023-12-24,Hairdresser,47.31,,52302.01,xx9003,Personal Care,expense,Hairdresser,merchant_match,high
2023-12-25,Home Loan Repayment,920.00,,51382.01,xx9001,Housing – Mortgage,expense,Home Loan,mortgage_pattern,high
2023-12-26,FuelStop Petrol,87.09,,51294.92,xx9002,Vehicle Expenses,expense,FuelStop,merchant_match,high
2023-12-26,CityRail,9.34,,51285.58,xx9001,Transport & Parking,expense,CityRail,merchant_match,high
2023-12-27,BeanCo Coffee,13.84,,51271.74,xx9003,Dining Out & Takeaway,expense,BeanCo,merchant_match,high
2023-12-27,FastFoods Drive-Thru,29.53,,51242.21,xx9001,Dining Out & Takeaway,expense,FastFoods,merchant_match,high
2023-12-27,FuelStop Petrol,87.42,,51154.79,xx9002,Vehicle Expenses,expense,FuelStop,merchant_match,high
2023-12-28,CityRail,9.87,,51144.92,xx9002,Transport & Parking,expense,CityRail,merchant_match,high
2023-12-29,BeanCo Coffee,11.56,,51133.36,xx9002,Dining Out & Takeaway,expense,BeanCo,merchant_match,high
2023-12-29,Parking Authority,18.57,,51114.79,xx9002,Transport & Parking,expense,Parking Authority,merchant_match,high
2023-12-30,ShoeStore,95.68,,51019.11,xx9003,Clothing & Footwear,expense,ShoeStore,merchant_match,high
2023-12-30,Beauty Spa,77.92,,50941.19,xx9001,Personal Care,expense,Beauty Spa,merchant_match,high
2023-12-31,BeanCo Coffee,16.90,,50924.29,xx9003,Dining Out & Takeaway,expense,BeanCo,merchant_match,high
2023-12-31,CinemaWorld,21.31,,50902.98,xx9001,Social & Recreation,expense,CinemaWorld,merchant_match,high
2023-12-31,Mini Golf Co,44.05,,50858.93,xx9003,Social & Recreation,expense,Mini Golf Co,merchant_match,high
2024-01-01,Home Loan Repayment,920.00,,49938.93,xx9001,Housing – Mortgage,expense,Home Loan,mortgage_pattern,high
2024-01-01,BeanCo Coffee,13.81,,49925.12,xx9003,Dining Out & Takeaway,expense,BeanCo,merchant_match,high
2024-01-01,FastFoods Drive-Thru,1.56,,49923.56,xx9001,Dining Out & Takeaway,expense,FastFoods,merchant_match,high
2024-01-01,CityRail,10.66,,49912.90,xx9001,Transport & Parking,expense,CityRail,merchant_match,high
2024-01-02,BeanCo Coffee,11.98,,49900.92,xx9002,Dining Out & Takeaway,expense,BeanCo,merchant_match,high
2024-01-02,PetSupplies Co,43.78,,49857.14,xx9001,Pet Expenses,expense,PetSupplies,merchant_match,high
2024-01-03,Salary Employer A,,3492.15,53349.29,xx9001,INCOME,income,Employer A — Wage,income_match,high
2024-01-03,Salary Employer B,,2705.51,56054.80,xx9001,INCOME,income,Employer B — Wage,income_match,high
2024-01-03,WaterCorp,108.03,,55946.77,xx9003,Utilities & Rates,expense,WaterCorp,merchant_match,high
2024-01-03,WineCellar,78.87,,55867.90,xx9001,Alcohol,expense,WineCellar,merchant_match,high
2024-01-04,Corner Grocer,44.03,,55823.87,xx9001,Groceries,expense,Corner Grocer,merchant_match,high
2024-01-04,BeanCo Coffee,12.40,,55811.47,xx9001,Dining Out & Takeaway,expense,BeanCo,merchant_match,high
2024-01-04,WineCellar,66.20,,55745.27,xx9003,Alcohol,expense,WineCellar,merchant_match,high
2024-01-05,CityRail,6.42,,55738.85,xx9002,Transport & Parking,expense,CityRail,merchant_match,high
2024-01-05,Parking Authority,19.89,,55718.96,xx9002,Transport & Parking,expense,Parking Authority,merchant_match,high
2024-01-05,Council Rates,431.48,,55287.48,xx9003,Utilities & Rates,expense,Council Rates,merchant_match,high
2024-01-05,OnceOff Repair,1.00,,55286.48,xx9003,One-off Expenses,expense,OnceOff Repair,merchant_match,high
2024-01-06,FreshMart Supermarket,121.84,,55164.64,xx9001,Groceries,expense,FreshMart,merchant_match,high
2024-01-06,FuelStop Petrol,85.12,,55079.52,xx9002,Vehicle Expenses,expense,FuelStop,merchant_match,high
2024-01-06,WaterCorp,124.37,,54955.15,xx9002,Utilities & Rates,expense,WaterCorp,merchant_match,high
2024-01-06,HealthShield Insurance,219.12,,54736.03,xx9003,Insurance,expense,HealthShield,merchant_match,high
2024-01-06,StreamFlix,19.00,,54717.03,xx9003,Media Subscriptions,expense,StreamFlix,merchant_match,high
2024-01-06,Fashion Outlet,62.98,,54654.05,xx9002,Clothing & Footwear,expense,Fashion Outlet,merchant_match,high
2024-01-06,LocalBrewery,55.75,,54598.30,xx9001,Alcohol,expense,LocalBrewery,merchant_match,high
2024-01-06,Mini Golf Co,48.78,,54549.52,xx9003,Social & Recreation,expense,Mini Golf Co,merchant_match,high
2024-01-07,BeanCo Coffee,9.03,,54540.49,xx9002,Dining Out & Takeaway,expense,BeanCo,merchant_match,high
2024-01-07,Travel Agency,621.83,,53918.66,xx9003,Holidays & Travel,expense,Travel Agency,merchant_match,high
2024-01-08,Home Loan Repayment,920.00,,52998.66,xx9001,Housing – Mortgage,expense,Home Loan,mortgage_pattern,high
2024-01-08,BeanCo Coffee,16.47,,52982.19,xx9002,Dining Out & Takeaway,expense,BeanCo,merchant_match,high
2024-01-08,Australia Post,16.94,,52965.25,xx9001,Administrative & Post,expense,Australia Post,merchant_match,high
2024-01-09,FreshMart Supermarket,145.54,,52819.71,xx9001,Groceries,expense,FreshMart,merchant_match,high
2024-01-09,HomePower Utilities,331.90,,52487.81,xx9003,Utilities & Rates,expense,HomePower,merchant_match,high
2024-01-10,FreshMart Supermarket,92.32,,52395.49,xx9002,Groceries,expense,FreshMart,merchant_match,high
2024-01-10,FuelStop Petrol,74.02,,52321.47,xx9001,Vehicle Expenses,expense,FuelStop,merchant_match,high
2024-01-10,CityRail,8.62,,52312.85,xx9001,Transport & Parking,expense,CityRail,merchant_match,high
2024-01-10,Fashion Outlet,129.35,,52183.50,xx9002,Clothing & Footwear,expense,Fashion Outlet,merchant_match,high
2024-01-11,CityRail,9.48,,52174.02,xx9003,Transport & Parking,expense,CityRail,merchant_match,high
2024-01-12,FreshMart Supermarket,104.94,,52069.08,xx9003,Groceries,expense,FreshMart,merchant_match,high
2024-01-12,FastFoods Drive-Thru,14.78,,52054.30,xx9002,Dining Out & Takeaway,expense,FastFoods,merchant_match,high
2024-01-12,CityRail,7.16,,52047.14,xx9002,Transport & Parking,expense,CityRail,merchant_match,high
2024-01-12,MedCentre,116.51,,51930.63,xx9001,Medical & Health,expense,MedCentre,merchant_match,high
2024-01-13,FuelStop Petrol,73.79,,51856.84,xx9003,Vehicle Expenses,expense,FuelStop,merchant_match,high
2024-01-13,PetSupplies Co,22.72,,51834.12,xx9001,Pet Expenses,expense,PetSupplies,merchant_match,high
2024-01-14,FreshMart Supermarket,160.61,,51673.51,xx9001,Groceries,expense,FreshMart,merchant_match,high
2024-01-14,FastFoods Drive-Thru,29.66,,51643.85,xx9002,Dining Out & Takeaway,expense,FastFoods,merchant_match,high
2024-01-14,CityPharmacy,23.19,,51620.66,xx9003,Medical & Health,expense,CityPharmacy,merchant_match,high
2024-01-15,Home Loan Repayment,920.00,,50700.66,xx9001,Housing – Mortgage,expense,Home Loan,mortgage_pattern,high
2024-01-15,Corner Grocer,65.14,,50635.52,xx9003,Groceries,expense,Corner Grocer,merchant_match,high
2024-01-15,BeanCo Coffee,15.15,,50620.37,xx9002,Dining Out & Takeaway,expense,BeanCo,merchant_match,high
2024-01-15,CityRail,6.00,,50614.37,xx9003,Transport & Parking,expense,CityRail,merchant_match,high
2024-01-15,Telco Plus Mobile,60.00,,50554.37,xx9003,Communications & Internet,expense,Telco Plus,merchant_match,high
2024-01-15,HealthShield Insurance,239.64,,50314.73,xx9001,Insurance,expense,HealthShield,merchant_match,high
2024-01-15,BookworldOnline,16.00,,50298.73,xx9003,Media Subscriptions,expense,BookworldOnline,merchant_match,high
2024-01-15,CinemaWorld,30.11,,50268.62,xx9002,Social & Recreation,expense,CinemaWorld,merchant_match,high
2024-01-15,TechMegaStore,29.59,,50239.03,xx9002,Technology & Equipment,expense,TechMegaStore,merchant_match,high
2024-01-16,BeanCo Coffee,13.08,,50225.95,xx9001,Dining Out & Takeaway,expense,BeanCo,merchant_match,high
2024-01-16,BookworldOnline,16.00,,50209.95,xx9002,Media Subscriptions,expense,BookworldOnline,merchant_match,high
2024-01-16,Fashion Outlet,106.26,,50103.69,xx9001,Clothing & Footwear,expense,Fashion Outlet,merchant_match,high
2024-01-17,Salary Employer A,,3460.30,53563.99,xx9001,INCOME,income,Employer A — Wage,income_match,high
2024-01-17,Salary Employer B,,2766.55,56330.54,xx9001,INCOME,income,Employer B — Wage,income_match,high
2024-01-17,BeanCo Coffee,14.05,,56316.49,xx9003,Dining Out & Takeaway,expense,BeanCo,merchant_match,high
2024-01-17,FastFoods Drive-Thru,41.84,,56274.65,xx9002,Dining Out & Takeaway,expense,FastFoods,merchant_match,high
2024-01-17,FuelStop Petrol,106.65,,56168.00,xx9003,Vehicle Expenses,expense,FuelStop,merchant_match,high
2024-01-17,FitnessFirst Gym,65.00,,56103.00,xx9002,Sport & Hobbies,expense,FitnessFirst,merchant_match,high
2024-01-17,Australia Post,18.38,,56084.62,xx9003,Administrative & Post,expense,Australia Post,merchant_match,high
2024-01-18,Mini Golf Co,40.01,,56044.61,xx9003,Social & Recreation,expense,Mini Golf Co,merchant_match,high
2024-01-18,Birthday Gift Shop,78.89,,55965.72,xx9002,Gifts,expense,Birthday Gift Shop,merchant_match,high
2024-01-19,FastFoods Drive-Thru,19.42,,55946.30,xx9003,Dining Out & Takeaway,expense,FastFoods,merchant_match,high
2024-01-19,MedCentre,81.05,,55865.25,xx9001,Medical & Health,expense,MedCentre,merchant_match,high
2024-01-19,Birthday Gift Shop,72.26,,55792.99,xx9001,Gifts,expense,Birthday Gift Shop,merchant_match,high
2024-01-19,BankFee,4.00,,55788.99,xx9003,Bank Fees,expense,BankFee,merchant_match,high
2024-01-20,BeanCo Coffee,12.60,,55776.39,xx9003,Dining Out & Takeaway,expense,BeanCo,merchant_match,high
2024-01-20,FastFoods Drive-Thru,15.97,,55760.42,xx9003,Dining Out & Takeaway,expense,FastFoods,merchant_match,high
2024-01-20,Telco Plus Mobile,60.00,,55700.42,xx9002,Communications & Internet,expense,Telco Plus,merchant_match,high
2024-01-21,FreshMart Supermarket,81.29,,55619.13,xx9001,Groceries,expense,FreshMart,merchant_match,high
2024-01-21,MedCentre,61.20,,55557.93,xx9001,Medical & Health,expense,MedCentre,merchant_match,high
2024-01-21,YogaStudio,45.00,,55512.93,xx9003,Sport & Hobbies,expense,YogaStudio,merchant_match,high
2024-01-22,Home Loan Repayment,920.00,,54592.93,xx9001,Housing – Mortgage,expense,Home Loan,mortgage_pattern,high
2024-01-22,BeanCo Coffee,13.25,,54579.68,xx9003,Dining Out & Takeaway,expense,BeanCo,merchant_match,high
2024-01-22,ShoeStore,116.85,,54462.83,xx9001,Clothing & Footwear,expense,ShoeStore,merchant_match,high
2024-01-22,Mini Golf Co,38.43,,54424.40,xx9003,Social & Recreation,expense,Mini Golf Co,merchant_match,high
2024-01-23,FastFoods Drive-Thru,26.25,,54398.15,xx9003,Dining Out & Takeaway,expense,FastFoods,merchant_match,high
2024-01-23,CityRail,8.69,,54389.46,xx9003,Transport & Parking,expense,CityRail,merchant_match,high
2024-01-23,Council Rates,445.59,,53943.87,xx9001,Utilities & Rates,expense,Council Rates,merchant_match,high
2024-01-23,Birthday Gift Shop,37.63,,53906.24,xx9002,Gifts,expense,Birthday Gift Shop,merchant_match,high
2024-01-24,Corner Grocer,42.50,,53863.74,xx9003,Groceries,expense,Corner Grocer,merchant_match,high
2024-01-24,Pizza Palace,41.41,,53822.33,xx9003,Dining Out & Takeaway,expense,Pizza Palace,merchant_match,high
2024-01-24,CityRail,11.52,,53810.81,xx9002,Transport & Parking,expense,CityRail,merchant_match,high
2024-01-24,Mini Golf Co,48.47,,53762.34,xx9003,Social & Recreation,expense,Mini Golf Co,merchant_match,high
2024-01-24,Beauty Spa,89.83,,53672.51,xx9003,Personal Care,expense,Beauty Spa,merchant_match,high
2024-01-25,BeanCo Coffee,12.61,,53659.90,xx9001,Dining Out & Takeaway,expense,BeanCo,merchant_match,high
2024-01-25,FitnessFirst Gym,65.00,,53594.90,xx9001,Sport & Hobbies,expense,FitnessFirst,merchant_match,high
2024-01-27,BeanCo Coffee,15.14,,53579.76,xx9002,Dining Out & Takeaway,expense,BeanCo,merchant_match,high
2024-01-27,CityRail,8.75,,53571.01,xx9002,Transport & Parking,expense,CityRail,merchant_match,high
2024-01-27,FibreNet Internet,85.00,,53486.01,xx9003,Communications & Internet,expense,FibreNet,merchant_match,high
2024-01-27,StreamFlix,19.00,,53467.01,xx9002,Media Subscriptions,expense,StreamFlix,merchant_match,high
2024-01-27,TechMegaStore,79.12,,53387.89,xx9002,Technology & Equipment,expense,TechMegaStore,merchant_match,high
2024-01-27,Beauty Spa,114.12,,53273.77,xx9003,Personal Care,expense,Beauty Spa,merchant_match,high
2024-01-28,BeanCo Coffee,14.56,,53259.21,xx9002,Dining Out & Takeaway,expense,BeanCo,merchant_match,high
2024-01-28,FuelStop Petrol,91.62,,53167.59,xx9003,Vehicle Expenses,expense,FuelStop,merchant_match,high
2024-01-28,CityRail,9.99,,53157.60,xx9003,Transport & Parking,expense,CityRail,merchant_match,high
2024-01-28,FibreNet Internet,85.00,,53072.60,xx9003,Communications & Internet,expense,FibreNet,merchant_match,high
2024-01-28,WineCellar,52.23,,53020.37,xx9001,Alcohol,expense,WineCellar,merchant_match,high
2024-01-29,Home Loan Repayment,920.00,,52100.37,xx9001,Housing – Mortgage,expense,Home Loan,mortgage_pattern,high
2024-01-29,WineCellar,37.82,,52062.55,xx9001,Alcohol,expense,WineCellar,merchant_match,high
2024-01-29,FitnessFirst Gym,65.00,,51997.55,xx9001,Sport & Hobbies,expense,FitnessFirst,merchant_match,high
2024-01-30,FreshMart Supermarket,100.43,,51897.12,xx9002,Groceries,expense,FreshMart,merchant_match,high
2024-01-30,BeanCo Coffee,17.73,,51879.39,xx9003,Dining Out & Takeaway,expense,BeanCo,merchant_match,high
2024-01-30,Big Box Hardware,34.58,,51844.81,xx9002,Home & Garden,expense,Big Box Hardware,merchant_match,high
2024-01-31,Salary Employer A,,3145.08,54989.89,xx9001,INCOME,income,Employer A — Wage,income_match,high
2024-01-31,Salary Employer B,,2839.69,57829.58,xx9001,INCOME,income,Employer B — Wage,income_match,high
2024-01-31,CityPharmacy,37.17,,57792.41,xx9001,Medical & Health,expense,CityPharmacy,merchant_match,high
2024-02-01,Corner Grocer,34.24,,57758.17,xx9003,Groceries,expense,Corner Grocer,merchant_match,high
2024-02-01,FastFoods Drive-Thru,25.77,,57732.40,xx9003,Dining Out & Takeaway,expense,FastFoods,merchant_match,high
2024-02-01,Parking Authority,15.01,,57717.39,xx9003,Transport & Parking,expense,Parking Authority,merchant_match,high
2024-02-01,Fashion Outlet,90.20,,57627.19,xx9003,Clothing & Footwear,expense,Fashion Outlet,merchant_match,high
2024-02-01,Hairdresser,54.18,,57573.01,xx9001,Personal Care,expense,Hairdresser,merchant_match,high
2024-02-02,FreshMart Supermarket,213.12,,57359.89,xx9002,Groceries,expense,FreshMart,merchant_match,high
2024-02-02,BeanCo Coffee,10.19,,57349.70,xx9003,Dining Out & Takeaway,expense,BeanCo,merchant_match,high
2024-02-02,CityRail,6.13,,57343.57,xx9002,Transport & Parking,expense,CityRail,merchant_match,high
2024-02-02,Australia Post,26.17,,57317.40,xx9003,Administrative & Post,expense,Australia Post,merchant_match,high
2024-02-03,FreshMart Supermarket,133.71,,57183.69,xx9002,Groceries,expense,FreshMart,merchant_match,high
2024-02-03,BeanCo Coffee,8.22,,57175.47,xx9002,Dining Out & Takeaway,expense,BeanCo,merchant_match,high
2024-02-03,LocalBrewery,28.24,,57147.23,xx9002,Alcohol,expense,LocalBrewery,merchant_match,high
2024-02-03,Charity Foundation,25.00,,57122.23,xx9002,Donations & Charity,expense,Charity Foundation,merchant_match,high
2024-02-04,BeanCo Coffee,12.76,,57109.47,xx9002,Dining Out & Takeaway,expense,BeanCo,merchant_match,high
2024-02-04,FastFoods Drive-Thru,12.13,,57097.34,xx9002,Dining Out & Takeaway,expense,FastFoods,merchant_match,high
2024-02-04,FibreNet Internet,85.00,,57012.34,xx9003,Communications & Internet,expense,FibreNet,merchant_match,high
2024-02-05,Home Loan Repayment,920.00,,56092.34,xx9001,Housing – Mortgage,expense,Home Loan,mortgage_pattern,high
2024-02-05,FreshMart Supermarket,98.39,,55993.95,xx9001,Groceries,expense,FreshMart,merchant_match,high
2024-02-05,BeanCo Coffee,9.98,,55983.97,xx9003,Dining Out & Takeaway,expense,BeanCo,merchant_match,high
2024-02-05,CityRail,7.59,,55976.38,xx9001,Transport & Parking,expense,CityRail,merchant_match,high
2024-02-06,FreshMart Supermarket,119.96,,55856.42,xx9002,Groceries,expense,FreshMart,merchant_match,high
2024-02-07,BeanCo Coffee,14.56,,55841.86,xx9001,Dining Out & Takeaway,expense,BeanCo,merchant_match,high
2024-02-07,CityRail,5.28,,55836.58,xx9001,Transport & Parking,expense,CityRail,merchant_match,high
2024-02-07,Parking Authority,11.44,,55825.14,xx9002,Transport & Parking,expense,Parking Authority,merchant_match,high
2024-02-07,VetCare Animal Hospital,172.14,,55653.00,xx9003,Pet Expenses,expense,VetCare,merchant_match,high
2024-02-07,TechMegaStore,225.27,,55427.73,xx9003,Technology & Equipment,expense,TechMegaStore,merchant_match,high
2024-02-08,Pizza Palace,39.53,,55388.20,xx9003,Dining Out & Takeaway,expense,Pizza Palace,merchant_match,high
2024-02-08,FuelStop Petrol,109.20,,55279.00,xx9001,Vehicle Expenses,expense,FuelStop,merchant_match,high
2024-02-08,Mini Golf Co,45.05,,55233.95,xx9003,Social & Recreation,expense,Mini Golf Co,merchant_match,high
2024-02-08,Charity Foundation,25.00,,55208.95,xx9003,Donations & Charity,expense,Charity Foundation,merchant_match,high
2024-02-08,Australia Post,18.00,,55190.95,xx9002,Administrative & Post,expense,Australia Post,merchant_match,high
2024-02-09,FreshMart Supermarket,134.77,,55056.18,xx9003,Groceries,expense,FreshMart,merchant_match,high
2024-02-09,FastFoods Drive-Thru,15.22,,55040.96,xx9002,Dining Out & Takeaway,expense,FastFoods,merchant_match,high
2024-02-09,AutoSure Car Insurance,96.13,,54944.83,xx9002,Insurance,expense,AutoSure,merchant_match,high
2024-02-10,FuelStop Petrol,73.46,,54871.37,xx9002,Vehicle Expenses,expense,FuelStop,merchant_match,high
2024-02-10,Parking Authority,12.63,,54858.74,xx9003,Transport & Parking,expense,Parking Authority,merchant_match,high
2024-02-10,WaterCorp,110.95,,54747.79,xx9003,Utilities & Rates,expense,WaterCorp,merchant_match,high
2024-02-10,PetSupplies Co,46.77,,54701.02,xx9003,Pet Expenses,expense,PetSupplies,merchant_match,high
2024-02-10,Fashion Outlet,60.28,,54640.74,xx9003,Clothing & Footwear,expense,Fashion Outlet,merchant_match,high
2024-02-10,LocalBrewery,23.73,,54617.01,xx9001,Alcohol,expense,LocalBrewery,merchant_match,high
2024-02-10,Beauty Spa,116.65,,54500.36,xx9002,Personal Care,expense,Beauty Spa,merchant_match,high
2024-02-11,BeanCo Coffee,14.35,,54486.01,xx9003,Dining Out & Takeaway,expense,BeanCo,merchant_match,high
2024-02-11,Fashion Outlet,89.07,,54396.94,xx9003,Clothing & Footwear,expense,Fashion Outlet,merchant_match,high
2024-02-12,Home Loan Repayment,920.00,,53476.94,xx9001,Housing – Mortgage,expense,Home Loan,mortgage_pattern,high
2024-02-12,FuelStop Petrol,89.21,,53387.73,xx9001,Vehicle Expenses,expense,FuelStop,merchant_match,high
2024-02-12,BookworldOnline,16.00,,53371.73,xx9002,Media Subscriptions,expense,BookworldOnline,merchant_match,high
2024-02-12,Fashion Outlet,36.15,,53335.58,xx9003,Clothing & Footwear,expense,Fashion Outlet,merchant_match,high
2024-02-12,FitnessFirst Gym,65.00,,53270.58,xx9002,Sport & Hobbies,expense,FitnessFirst,merchant_match,high
2024-02-13,FreshMart Supermarket,124.45,,53146.13,xx9002,Groceries,expense,FreshMart,merchant_match,high
2024-02-13,CinemaWorld,19.83,,53126.30,xx9001,Social & Recreation,expense,CinemaWorld,merchant_match,high
2024-02-14,Salary Employer A,,3210.16,56336.46,xx9001,INCOME,income,Employer A — Wage,income_match,high
2024-02-14,Salary Employer B,,2589.36,58925.82,xx9001,INCOME,income,Employer B — Wage,income_match,high
2024-02-14,CityRail,8.35,,58917.47,xx9003,Transport & Parking,expense,CityRail,merchant_match,high
2024-02-14,Parking Authority,14.97,,58902.50,xx9001,Transport & Parking,expense,Parking Authority,merchant_match,high
2024-02-14,Big Box Hardware,73.20,,58829.30,xx9001,Home & Garden,expense,Big Box Hardware,merchant_match,high
2024-02-14,Birthday Gift Shop,74.30,,58755.00,xx9002,Gifts,expense,Birthday Gift Shop,merchant_match,high
2024-02-14,BankFee,4.00,,58751.00,xx9003,Bank Fees,expense,BankFee,merchant_match,high
2024-02-15,CityRail,9.57,,58741.43,xx9001,Transport & Parking,expense,CityRail,merchant_match,high
2024-02-15,HealthShield Insurance,212.78,,58528.65,xx9002,Insurance,expense,HealthShield,merchant_match,high
2024-02-16,FreshMart Supermarket,137.21,,58391.44,xx9001,Groceries,expense,FreshMart,merchant_match,high
2024-02-16,BeanCo Coffee,19.57,,58371.87,xx9001,Dining Out & Takeaway,expense,BeanCo,merchant_match,high
2024-02-16,CityRail,6.17,,58365.70,xx9002,Transport & Parking,expense,CityRail,merchant_match,high
2024-02-17,FreshMart Supermarket,87.85,,58277.85,xx9002,Groceries,expense,FreshMart,merchant_match,high
2024-02-17,FastFoods Drive-Thru,14.44,,58263.41,xx9003,Dining Out & Takeaway,expense,FastFoods,merchant_match,high
2024-02-17,FuelStop Petrol,85.88,,58177.53,xx9003,Vehicle Expenses,expense,FuelStop,merchant_match,high
2024-02-18,FreshMart Supermarket,116.91,,58060.62,xx9003,Groceries,expense,FreshMart,merchant_match,high
2024-02-18,CityRail,4.52,,58056.10,xx9001,Transport & Parking,expense,CityRail,merchant_match,high
2024-02-18,PetSupplies Co,56.77,,57999.33,xx9003,Pet Expenses,expense,PetSupplies,merchant_match,high
2024-02-19,Home Loan Repayment,920.00,,57079.33,xx9001,Housing – Mortgage,expense,Home Loan,mortgage_pattern,high
2024-02-19,FibreNet Internet,85.00,,56994.33,xx9001,Communications & Internet,expense,FibreNet,merchant_match,high
2024-02-19,CityPharmacy,18.96,,56975.37,xx9003,Medical & Health,expense,CityPharmacy,merchant_match,high
2024-02-19,MusicCloud,12.00,,56963.37,xx9003,Media Subscriptions,expense,MusicCloud,merchant_match,high
2024-02-20,BeanCo Coffee,11.05,,56952.32,xx9001,Dining Out & Takeaway,expense,BeanCo,merchant_match,high
2024-02-20,Mini Golf Co,31.75,,56920.57,xx9003,Social & Recreation,expense,Mini Golf Co,merchant_match,high
2024-02-21,FuelStop Petrol,72.60,,56847.97,xx9001,Vehicle Expenses,expense,FuelStop,merchant_match,high
2024-02-22,CityRail,8.12,,56839.85,xx9003,Transport & Parking,expense,CityRail,merchant_match,high
2024-02-23,FastFoods Drive-Thru,12.65,,56827.20,xx9003,Dining Out & Takeaway,expense,FastFoods,merchant_match,high
2024-02-23,Mini Golf Co,39.55,,56787.65,xx9003,Social & Recreation,expense,Mini Golf Co,merchant_match,high
2024-02-24,BeanCo Coffee,11.43,,56776.22,xx9002,Dining Out & Takeaway,expense,BeanCo,merchant_match,high
2024-02-25,BeanCo Coffee,5.80,,56770.42,xx9002,Dining Out & Takeaway,expense,BeanCo,merchant_match,high
2024-02-25,CityRail,9.72,,56760.70,xx9002,Transport & Parking,expense,CityRail,merchant_match,high
2024-02-25,PetSupplies Co,19.05,,56741.65,xx9003,Pet Expenses,expense,PetSupplies,merchant_match,high
2024-02-26,Home Loan Repayment,920.00,,55821.65,xx9001,Housing – Mortgage,expense,Home Loan,mortgage_pattern,high
2024-02-26,FreshMart Supermarket,118.91,,55702.74,xx9001,Groceries,expense,FreshMart,merchant_match,high
2024-02-26,Corner Grocer,50.26,,55652.48,xx9001,Groceries,expense,Corner Grocer,merchant_match,high
2024-02-26,ShoeStore,115.20,,55537.28,xx9003,Clothing & Footwear,expense,ShoeStore,merchant_match,high
2024-02-26,FitnessFirst Gym,65.00,,55472.28,xx9001,Sport & Hobbies,expense,FitnessFirst,merchant_match,high
2024-02-27,FreshMart Supermarket,75.82,,55396.46,xx9002,Groceries,expense,FreshMart,merchant_match,high
2024-02-27,CityRail,5.43,,55391.03,xx9003,Transport & Parking,expense,CityRail,merchant_match,high
2024-02-27,Parking Authority,10.57,,55380.46,xx9003,Transport & Parking,expense,Parking Authority,merchant_match,high
2024-02-27,PetSupplies Co,77.24,,55303.22,xx9001,Pet Expenses,expense,PetSupplies,merchant_match,high
2024-02-27,WineCellar,69.75,,55233.47,xx9002,Alcohol,expense,WineCellar,merchant_match,high
2024-02-27,Beauty Spa,114.19,,55119.28,xx9001,Personal Care,expense,Beauty Spa,merchant_match,high
2024-02-27,Travel Agency,743.67,,54375.61,xx9001,Holidays & Travel,expense,Travel Agency,merchant_match,high
2024-02-28,Salary Employer A,,3181.09,57556.70,xx9001,INCOME,income,Employer A — Wage,income_match,high
2024-02-28,Salary Employer B,,2785.75,60342.45,xx9001,INCOME,income,Employer B — Wage,income_match,high
2024-02-28,FreshMart Supermarket,119.54,,60222.91,xx9002,Groceries,expense,FreshMart,merchant_match,high
2024-02-28,BeanCo Coffee,12.30,,60210.61,xx9002,Dining Out & Takeaway,expense,BeanCo,merchant_match,high
2024-02-29,Australia Post,12.13,,60198.48,xx9002,Administrative & Post,expense,Australia Post,merchant_match,high
2024-03-01,FastFoods Drive-Thru,12.43,,60186.05,xx9003,Dining Out & Takeaway,expense,FastFoods,merchant_match,high
2024-03-01,CityRail,8.84,,60177.21,xx9002,Transport & Parking,expense,CityRail,merchant_match,high
2024-03-01,MedCentre,133.84,,60043.37,xx9003,Medical & Health,expense,MedCentre,merchant_match,high
2024-03-01,Fashion Outlet,100.90,,59942.47,xx9001,Clothing & Footwear,expense,Fashion Outlet,merchant_match,high
2024-03-02,BeanCo Coffee,11.90,,59930.57,xx9002,Dining Out & Takeaway,expense,BeanCo,merchant_match,high
2024-03-02,Pizza Palace,45.80,,59884.77,xx9001,Dining Out & Takeaway,expense,Pizza Palace,merchant_match,high
2024-03-02,CityRail,9.17,,59875.60,xx9002,Transport & Parking,expense,CityRail,merchant_match,high
2024-03-02,Australia Post,9.44,,59866.16,xx9001,Administrative & Post,expense,Australia Post,merchant_match,high
2024-03-03,BeanCo Coffee,9.52,,59856.64,xx9002,Dining Out & Takeaway,expense,BeanCo,merchant_match,high
2024-03-03,AutoSure Car Insurance,123.63,,59733.01,xx9003,Insurance,expense,AutoSure,merchant_match,high
2024-03-03,Beauty Spa,95.57,,59637.44,xx9003,Personal Care,expense,Beauty Spa,merchant_match,high
2024-03-04,Home Loan Repayment,920.00,,58717.44,xx9001,Housing – Mortgage,expense,Home Loan,mortgage_pattern,high
2024-03-04,FreshMart Supermarket,129.38,,58588.06,xx9001,Groceries,expense,FreshMart,merchant_match,high
2024-03-04,BeanCo Coffee,15.01,,58573.05,xx9002,Dining Out & Takeaway,expense,BeanCo,merchant_match,high
2024-03-04,CityRail,8.53,,58564.52,xx9001,Transport & Parking,expense,CityRail,merchant_match,high
2024-03-04,HealthShield Insurance,213.54,,58350.98,xx9003,Insurance,expense,HealthShield,merchant_match,high
2024-03-04,Travel Agency,679.49,,57671.49,xx9002,Holidays & Travel,expense,Travel Agency,merchant_match,high
2024-03-05,BeanCo Coffee,18.48,,57653.01,xx9002,Dining Out & Takeaway,expense,BeanCo,merchant_match,high
2024-03-05,CityPharmacy,51.60,,57601.41,xx9003,Medical & Health,expense,CityPharmacy,merchant_match,high
2024-03-05,StreamFlix,19.00,,57582.41,xx9002,Media Subscriptions,expense,StreamFlix,merchant_match,high
2024-03-06,FreshMart Supermarket,139.20,,57443.21,xx9002,Groceries,expense,FreshMart,merchant_match,high
2024-03-06,CityRail,6.73,,57436.48,xx9002,Transport & Parking,expense,CityRail,merchant_match,high
2024-03-06,Council Rates,442.17,,56994.31,xx9001,Utilities & Rates,expense,Council Rates,merchant_match,high
2024-03-06,WineCellar,32.39,,56961.92,xx9002,Alcohol,expense,WineCellar,merchant_match,high
2024-03-06,LocalBrewery,29.87,,56932.05,xx9001,Alcohol,expense,LocalBrewery,merchant_match,high
2024-03-07,BeanCo Coffee,13.94,,56918.11,xx9001,Dining Out & Takeaway,expense,BeanCo,merchant_match,high
2024-03-08,CityRail,9.87,,56908.24,xx9003,Transport & Parking,expense,CityRail,merchant_match,high
2024-03-08,WaterCorp,108.37,,56799.87,xx9002,Utilities & Rates,expense,WaterCorp,merchant_match,high
2024-03-09,BeanCo Coffee,9.62,,56790.25,xx9003,Dining Out & Takeaway,expense,BeanCo,merchant_match,high
2024-03-09,Garden Nursery,32.79,,56757.46,xx9003,Home & Garden,expense,Garden Nursery,merchant_match,high
2024-03-10,BeanCo Coffee,8.62,,56748.84,xx9003,Dining Out & Takeaway,expense,BeanCo,merchant_match,high
2024-03-10,BookworldOnline,16.00,,56732.84,xx9002,Media Subscriptions,expense,BookworldOnline,merchant_match,high
2024-03-10,Big Box Hardware,64.87,,56667.97,xx9003,Home & Garden,expense,Big Box Hardware,merchant_match,high
2024-03-11,Home Loan Repayment,920.00,,55747.97,xx9001,Housing – Mortgage,expense,Home Loan,mortgage_pattern,high
2024-03-11,FastFoods Drive-Thru,31.22,,55716.75,xx9002,Dining Out & Takeaway,expense,FastFoods,merchant_match,high
2024-03-11,CityRail,8.57,,55708.18,xx9002,Transport & Parking,expense,CityRail,merchant_match,high
2024-03-11,Parking Authority,19.06,,55689.12,xx9003,Transport & Parking,expense,Parking Authority,merchant_match,high
2024-03-11,OnceOff Repair,100.06,,55589.06,xx9003,One-off Expenses,expense,OnceOff Repair,merchant_match,high
2024-03-12,BeanCo Coffee,7.82,,55581.24,xx9002,Dining Out & Takeaway,expense,BeanCo,merchant_match,high
2024-03-12,FastFoods Drive-Thru,20.36,,55560.88,xx9001,Dining Out & Takeaway,expense,FastFoods,merchant_match,high
2024-03-12,Parking Authority,6.64,,55554.24,xx9001,Transport & Parking,expense,Parking Authority,merchant_match,high
2024-03-12,ShoeStore,93.85,,55460.39,xx9001,Clothing & Footwear,expense,ShoeStore,merchant_match,high
2024-03-12,TechMegaStore,234.56,,55225.83,xx9002,Technology & Equipment,expense,TechMegaStore,merchant_match,high
2024-03-13,Salary Employer A,,3340.12,58565.95,xx9001,INCOME,income,Employer A — Wage,income_match,high
2024-03-13,Salary Employer B,,2764.67,61330.62,xx9001,INCOME,income,Employer B — Wage,income_match,high
2024-03-13,BeanCo Coffee,14.76,,61315.86,xx9001,Dining Out & Takeaway,expense,BeanCo,merchant_match,high
2024-03-13,FuelStop Petrol,95.17,,61220.69,xx9003,Vehicle Expenses,expense,FuelStop,merchant_match,high
2024-03-13,CityRail,5.28,,61215.41,xx9003,Transport & Parking,expense,CityRail,merchant_match,high
2024-03-13,CinemaWorld,25.57,,61189.84,xx9001,Social & Recreation,expense,CinemaWorld,merchant_match,high
2024-03-13,Australia Post,16.69,,61173.15,xx9002,Administrative & Post,expense,Australia Post,merchant_match,high
2024-03-14,LocalBrewery,49.66,,61123.49,xx9003,Alcohol,expense,LocalBrewery,merchant_match,high
2024-03-15,Corner Grocer,37.24,,61086.25,xx9002,Groceries,expense,Corner Grocer,merchant_match,high
2024-03-15,PetSupplies Co,57.92,,61028.33,xx9001,Pet Expenses,expense,PetSupplies,merchant_match,high
2024-03-15,LocalBrewery,36.88,,60991.45,xx9002,Alcohol,expense,LocalBrewery,merchant_match,high
2024-03-15,CinemaWorld,23.83,,60967.62,xx9002,Social & Recreation,expense,CinemaWorld,merchant_match,high
2024-03-16,BeanCo Coffee,9.65,,60957.97,xx9001,Dining Out & Takeaway,expense,BeanCo,merchant_match,high
2024-03-16,FuelStop Petrol,62.80,,60895.17,xx9001,Vehicle Expenses,expense,FuelStop,merchant_match,high
2024-03-16,CityRail,9.05,,60886.12,xx9003,Transport & Parking,expense,CityRail,merchant_match,high
2024-03-16,Fashion Outlet,74.35,,60811.77,xx9003,Clothing & Footwear,expense,Fashion Outlet,merchant_match,high
2024-03-16,TechMegaStore,142.88,,60668.89,xx9002,Technology & Equipment,expense,TechMegaStore,merchant_match,high
2024-03-17,FreshMart Supermarket,105.81,,60563.08,xx9001,Groceries,expense,FreshMart,merchant_match,high
2024-03-17,BeanCo Coffee,4.43,,60558.65,xx9003,Dining Out & Takeaway,expense,BeanCo,merchant_match,high
2024-03-17,FuelStop Petrol,73.87,,60484.78,xx9002,Vehicle Expenses,expense,FuelStop,merchant_match,high
2024-03-17,WineCellar,32.06,,60452.72,xx9003,Alcohol,expense,WineCellar,merchant_match,high
2024-03-18,Home Loan Repayment,920.00,,59532.72,xx9001,Housing – Mortgage,expense,Home Loan,mortgage_pattern,high
2024-03-18,Corner Grocer,42.85,,59489.87,xx9001,Groceries,expense,Corner Grocer,merchant_match,high
2024-03-18,TechMegaStore,67.72,,59422.15,xx9003,Technology & Equipment,expense,TechMegaStore,merchant_match,high
2024-03-19,FreshMart Supermarket,122.80,,59299.35,xx9003,Groceries,expense,FreshMart,merchant_match,high
2024-03-19,BeanCo Coffee,10.69,,59288.66,xx9003,Dining Out & Takeaway,expense,BeanCo,merchant_match,high
2024-03-19,FuelStop Petrol,73.61,,59215.05,xx9001,Vehicle Expenses,expense,FuelStop,merchant_match,high
2024-03-19,CityPharmacy,14.35,,59200.70,xx9003,Medical & Health,expense,CityPharmacy,merchant_match,high
2024-03-20,Fashion Outlet,79.77,,59120.93,xx9003,Clothing & Footwear,expense,Fashion Outlet,merchant_match,high
2024-03-21,Corner Grocer,48.68,,59072.25,xx9001,Groceries,expense,Corner Grocer,merchant_match,high
2024-03-21,CityRail,5.67,,59066.58,xx9003,Transport & Parking,expense,CityRail,merchant_match,high
2024-03-21,Parking Authority,13.64,,59052.94,xx9002,Transport & Parking,expense,Parking Authority,merchant_match,high
2024-03-22,FastFoods Drive-Thru,21.14,,59031.80,xx9003,Dining Out & Takeaway,expense,FastFoods,merchant_match,high
2024-03-22,CityRail,7.50,,59024.30,xx9002,Transport & Parking,expense,CityRail,merchant_match,high
2024-03-22,MedCentre,99.53,,58924.77,xx9002,Medical & Health,expense,MedCentre,merchant_match,high
2024-03-22,WineCellar,62.16,,58862.61,xx9002,Alcohol,expense,WineCellar,merchant_match,high
2024-03-23,BeanCo Coffee,8.03,,58854.58,xx9001,Dining Out & Takeaway,expense,BeanCo,merchant_match,high
2024-03-23,FastFoods Drive-Thru,22.76,,58831.82,xx9003,Dining Out & Takeaway,expense,FastFoods,merchant_match,high
2024-03-23,CityRail,3.76,,58828.06,xx9002,Transport & Parking,expense,CityRail,merchant_match,high
2024-03-23,CityPharmacy,32.21,,58795.85,xx9001,Medical & Health,expense,CityPharmacy,merchant_match,high
2024-03-23,TechMegaStore,352.47,,58443.38,xx9003,Technology & Equipment,expense,TechMegaStore,merchant_match,high
2024-03-23,Hairdresser,40.86,,58402.52,xx9002,Personal Care,expense,Hairdresser,merchant_match,high
2024-03-23,Australia Post,3.84,,58398.68,xx9002,Administrative & Post,expense,Australia Post,merchant_match,high
2024-03-24,Pizza Palace,33.01,,58365.67,xx9003,Dining Out & Takeaway,expense,Pizza Palace,merchant_match,high
2024-03-24,CityRail,10.16,,58355.51,xx9002,Transport & Parking,expense,CityRail,merchant_match,high
2024-03-24,HomeSafe Insurance,186.19,,58169.32,xx9002,Insurance,expense,HomeSafe,merchant_match,high
2024-03-25,Home Loan Repayment,920.00,,57249.32,xx9001,Housing – Mortgage,expense,Home Loan,mortgage_pattern,high
2024-03-25,BeanCo Coffee,11.91,,57237.41,xx9003,Dining Out & Takeaway,expense,BeanCo,merchant_match,high
2024-03-25,CityRail,6.20,,57231.21,xx9003,Transport & Parking,expense,CityRail,merchant_match,high
2024-03-25,WineCellar,47.46,,57183.75,xx9001,Alcohol,expense,WineCellar,merchant_match,high
2024-03-25,YogaStudio,45.00,,57138.75,xx9001,Sport & Hobbies,expense,YogaStudio,merchant_match,high
2024-03-26,FuelStop Petrol,79.62,,57059.13,xx9002,Vehicle Expenses,expense,FuelStop,merchant_match,high
2024-03-26,HomePower Utilities,277.94,,56781.19,xx9003,Utilities & Rates,expense,HomePower,merchant_match,high
2024-03-27,Salary Employer A,,3010.55,59791.74,xx9001,INCOME,income,Employer A — Wage,income_match,high
2024-03-27,Salary Employer B,,2800.79,62592.53,xx9001,INCOME,income,Employer B — Wage,income_match,high
2024-03-27,CityRail,10.61,,62581.92,xx9001,Transport & Parking,expense,CityRail,merchant_match,high
2024-03-27,HomeSafe Insurance,191.03,,62390.89,xx9001,Insurance,expense,HomeSafe,merchant_match,high
2024-03-27,CinemaWorld,39.58,,62351.31,xx9001,Social & Recreation,expense,CinemaWorld,merchant_match,high
2024-03-28,FreshMart Supermarket,71.37,,62279.94,xx9003,Groceries,expense,FreshMart,merchant_match,high
2024-03-28,BeanCo Coffee,12.78,,62267.16,xx9002,Dining Out & Takeaway,expense,BeanCo,merchant_match,high
2024-03-28,FuelStop Petrol,88.45,,62178.71,xx9003,Vehicle Expenses,expense,FuelStop,merchant_match,high
2024-03-28,CityRail,10.04,,62168.67,xx9001,Transport & Parking,expense,CityRail,merchant_match,high
2024-03-28,CinemaWorld,27.31,,62141.36,xx9001,Social & Recreation,expense,CinemaWorld,merchant_match,high
2024-03-28,Australia Post,25.76,,62115.60,xx9003,Administrative & Post,expense,Australia Post,merchant_match,high
2024-03-29,CinemaWorld,33.90,,62081.70,xx9002,Social & Recreation,expense,CinemaWorld,merchant_match,high
2024-03-29,Birthday Gift Shop,97.43,,61984.27,xx9001,Gifts,expense,Birthday Gift Shop,merchant_match,high
2024-03-30,FreshMart Supermarket,108.75,,61875.52,xx9002,Groceries,expense,FreshMart,merchant_match,high
2024-03-31,FreshMart Supermarket,130.50,,61745.02,xx9002,Groceries,expense,FreshMart,merchant_match,high
2024-03-31,BeanCo Coffee,14.37,,61730.65,xx9002,Dining Out & Takeaway,expense,BeanCo,merchant_match,high
2024-03-31,Charity Foundation,25.00,,61705.65,xx9003,Donations & Charity,expense,Charity Foundation,merchant_match,high
2024-03-31,Australia Post,20.22,,61685.43,xx9001,Administrative & Post,expense,Australia Post,merchant_match,high
2024-04-01,Home Loan Repayment,920.00,,60765.43,xx9001,Housing – Mortgage,expense,Home Loan,mortgage_pattern,high
2024-04-01,BeanCo Coffee,10.17,,60755.26,xx9002,Dining Out & Takeaway,expense,BeanCo,merchant_match,high
2024-04-01,Parking Authority,14.11,,60741.15,xx9003,Transport & Parking,expense,Parking Authority,merchant_match,high
2024-04-01,Telco Plus Mobile,60.00,,60681.15,xx9002,Communications & Internet,expense,Telco Plus,merchant_match,high
2024-04-01,Big Box Hardware,53.08,,60628.07,xx9001,Home & Garden,expense,Big Box Hardware,merchant_match,high
2024-04-02,FreshMart Supermarket,123.69,,60504.38,xx9002,Groceries,expense,FreshMart,merchant_match,high
2024-04-02,AutoSure Car Insurance,109.60,,60394.78,xx9002,Insurance,expense,AutoSure,merchant_match,high
2024-04-02,BookworldOnline,16.00,,60378.78,xx9003,Media Subscriptions,expense,BookworldOnline,merchant_match,high
2024-04-03,BeanCo Coffee,9.58,,60369.20,xx9002,Dining Out & Takeaway,expense,BeanCo,merchant_match,high
2024-04-03,Pizza Palace,32.87,,60336.33,xx9002,Dining Out & Takeaway,expense,Pizza Palace,merchant_match,high
2024-04-03,CityRail,10.85,,60325.48,xx9002,Transport & Parking,expense,CityRail,merchant_match,high
2024-04-03,HomeSafe Insurance,172.22,,60153.26,xx9002,Insurance,expense,HomeSafe,merchant_match,high
2024-04-03,Mini Golf Co,38.94,,60114.32,xx9002,Social & Recreation,expense,Mini Golf Co,merchant_match,high
2024-04-04,BeanCo Coffee,10.27,,60104.05,xx9001,Dining Out & Takeaway,expense,BeanCo,merchant_match,high
2024-04-04,Parking Authority,13.85,,60090.20,xx9003,Transport & Parking,expense,Parking Authority,merchant_match,high
2024-04-04,TechMegaStore,254.92,,59835.28,xx9003,Technology & Equipment,expense,TechMegaStore,merchant_match,high
2024-04-05,FastFoods Drive-Thru,29.04,,59806.24,xx9003,Dining Out & Takeaway,expense,FastFoods,merchant_match,high
2024-04-05,HomePower Utilities,278.39,,59527.85,xx9002,Utilities & Rates,expense,HomePower,merchant_match,high
2024-04-05,Big Box Hardware,52.74,,59475.11,xx9002,Home & Garden,expense,Big Box Hardware,merchant_match,high
2024-04-06,Parking Authority,14.78,,59460.33,xx9002,Transport & Parking,expense,Parking Authority,merchant_match,high
2024-04-06,Birthday Gift Shop,48.23,,59412.10,xx9003,Gifts,expense,Birthday Gift Shop,merchant_match,high
2024-04-06,BankFee,4.00,,59408.10,xx9002,Bank Fees,expense,BankFee,merchant_match,high
2024-04-07,Council Rates,463.74,,58944.36,xx9002,Utilities & Rates,expense,Council Rates,merchant_match,high
2024-04-08,Home Loan Repayment,920.00,,58024.36,xx9001,Housing – Mortgage,expense,Home Loan,mortgage_pattern,high
2024-04-08,Council Rates,467.87,,57556.49,xx9002,Utilities & Rates,expense,Council Rates,merchant_match,high
2024-04-08,CityPharmacy,18.81,,57537.68,xx9003,Medical & Health,expense,CityPharmacy,merchant_match,high
2024-04-08,VetCare Animal Hospital,131.13,,57406.55,xx9001,Pet Expenses,expense,VetCare,merchant_match,high
2024-04-09,BeanCo Coffee,16.00,,57390.55,xx9003,Dining Out & Takeaway,expense,BeanCo,merchant_match,high
2024-04-09,FastFoods Drive-Thru,22.35,,57368.20,xx9003,Dining Out & Takeaway,expense,FastFoods,merchant_match,high
2024-04-09,Fashion Outlet,11.90,,57356.30,xx9001,Clothing & Footwear,expense,Fashion Outlet,merchant_match,high
2024-04-10,Salary Employer A,,3256.62,60612.92,xx9001,INCOME,income,Employer A — Wage,income_match,high
2024-04-10,Salary Employer B,,2756.75,63369.67,xx9001,INCOME,income,Employer B — Wage,income_match,high
2024-04-10,BeanCo Coffee,10.06,,63359.61,xx9003,Dining Out & Takeaway,expense,BeanCo,merchant_match,high
2024-04-10,CityRail,7.49,,63352.12,xx9003,Transport & Parking,expense,CityRail,merchant_match,high
2024-04-10,Garden Nursery,31.11,,63321.01,xx9003,Home & Garden,expense,Garden Nursery,merchant_match,high
2024-04-11,BeanCo Coffee,5.85,,63315.16,xx9002,Dining Out & Takeaway,expense,BeanCo,merchant_match,high
2024-04-11,Australia Post,20.88,,63294.28,xx9001,Administrative & Post,expense,Australia Post,merchant_match,high
2024-04-12,CityRail,10.49,,63283.79,xx9002,Transport & Parking,expense,CityRail,merchant_match,high
2024-04-12,PetSupplies Co,40.50,,63243.29,xx9002,Pet Expenses,expense,PetSupplies,merchant_match,high
2024-04-12,StreamFlix,19.00,,63224.29,xx9003,Media Subscriptions,expense,StreamFlix,merchant_match,high
2024-04-12,CinemaWorld,38.68,,63185.61,xx9003,Social & Recreation,expense,CinemaWorld,merchant_match,high
2024-04-13,BeanCo Coffee,9.43,,63176.18,xx9001,Dining Out & Takeaway,expense,BeanCo,merchant_match,high
2024-04-13,HomeSafe Insurance,200.67,,62975.51,xx9002,Insurance,expense,HomeSafe,merchant_match,high
2024-04-13,CinemaWorld,33.56,,62941.95,xx9003,Social & Recreation,expense,CinemaWorld,merchant_match,high
2024-04-14,FreshMart Supermarket,139.32,,62802.63,xx9002,Groceries,expense,FreshMart,merchant_match,high
2024-04-14,FuelStop Petrol,71.78,,62730.85,xx9002,Vehicle Expenses,expense,FuelStop,merchant_match,high
2024-04-14,BookworldOnline,16.00,,62714.85,xx9001,Media Subscriptions,expense,BookworldOnline,merchant_match,high
2024-04-14,Birthday Gift Shop,37.40,,62677.45,xx9003,Gifts,expense,Birthday Gift Shop,merchant_match,high
2024-04-15,Home Loan Repayment,920.00,,61757.45,xx9001,Housing – Mortgage,expense,Home Loan,mortgage_pattern,high
2024-04-15,Fashion Outlet,54.03,,61703.42,xx9003,Clothing & Footwear,expense,Fashion Outlet,merchant_match,high
2024-04-15,WineCellar,62.49,,61640.93,xx9001,Alcohol,expense,WineCellar,merchant_match,high
2024-04-16,CityRail,2.52,,61638.41,xx9003,Transport & Parking,expense,CityRail,merchant_match,high
2024-04-16,HealthShield Insurance,233.01,,61405.40,xx9002,Insurance,expense,HealthShield,merchant_match,high
2024-04-16,TechMegaStore,202.35,,61203.05,xx9001,Technology & Equipment,expense,TechMegaStore,merchant_match,high
2024-04-17,FreshMart Supermarket,110.90,,61092.15,xx9001,Groceries,expense,FreshMart,merchant_match,high
2024-04-17,Corner Grocer,59.09,,61033.06,xx9001,Groceries,expense,Corner Grocer,merchant_match,high
2024-04-17,Travel Agency,538.30,,60494.76,xx9001,Holidays & Travel,expense,Travel Agency,merchant_match,high
2024-04-18,BeanCo Coffee,10.43,,60484.33,xx9002,Dining Out & Takeaway,expense,BeanCo,merchant_match,high
2024-04-18,FuelStop Petrol,90.73,,60393.60,xx9002,Vehicle Expenses,expense,FuelStop,merchant_match,high
2024-04-18,FibreNet Internet,85.00,,60308.60,xx9003,Communications & Internet,expense,FibreNet,merchant_match,high
2024-04-18,ShoeStore,109.70,,60198.90,xx9003,Clothing & Footwear,expense,ShoeStore,merchant_match,high
2024-04-18,Hairdresser,61.33,,60137.57,xx9002,Personal Care,expense,Hairdresser,merchant_match,high
2024-04-19,FreshMart Supermarket,116.17,,60021.40,xx9003,Groceries,expense,FreshMart,merchant_match,high
2024-04-19,CinemaWorld,20.96,,60000.44,xx9003,Social & Recreation,expense,CinemaWorld,merchant_match,high
2024-04-20,FastFoods Drive-Thru,18.22,,59982.22,xx9001,Dining Out & Takeaway,expense,FastFoods,merchant_match,high
2024-04-20,CityPharmacy,21.38,,59960.84,xx9002,Medical & Health,expense,CityPharmacy,merchant_match,high
2024-04-20,PetSupplies Co,48.94,,59911.90,xx9003,Pet Expenses,expense,PetSupplies,merchant_match,high
2024-04-20,Charity Foundation,25.00,,59886.90,xx9001,Donations & Charity,expense,Charity Foundation,merchant_match,high
2024-04-21,BeanCo Coffee,17.59,,59869.31,xx9001,Dining Out & Takeaway,expense,BeanCo,merchant_match,high
2024-04-21,CityRail,4.64,,59864.67,xx9003,Transport & Parking,expense,CityRail,merchant_match,high
2024-04-21,Parking Authority,14.19,,59850.48,xx9003,Transport & Parking,expense,Parking Authority,merchant_match,high
2024-04-21,PetSupplies Co,47.70,,59802.78,xx9002,Pet Expenses,expense,PetSupplies,merchant_match,high
2024-04-22,Home Loan Repayment,920.00,,58882.78,xx9001,Housing – Mortgage,expense,Home Loan,mortgage_pattern,high
2024-04-22,FreshMart Supermarket,131.57,,58751.21,xx9001,Groceries,expense,FreshMart,merchant_match,high
2024-04-22,FuelStop Petrol,80.32,,58670.89,xx9003,Vehicle Expenses,expense,FuelStop,merchant_match,high
2024-04-22,CinemaWorld,14.85,,58656.04,xx9001,Social & Recreation,expense,CinemaWorld,merchant_match,high
2024-04-23,FuelStop Petrol,103.21,,58552.83,xx9002,Vehicle Expenses,expense,FuelStop,merchant_match,high
2024-04-23,CinemaWorld,29.27,,58523.56,xx9003,Social & Recreation,expense,CinemaWorld,merchant_match,high
2024-04-24,Salary Employer A,,3347.65,61871.21,xx9001,INCOME,income,Employer A — Wage,income_match,high
2024-04-24,Salary Employer B,,2634.11,64505.32,xx9001,INCOME,income,Employer B — Wage,income_match,high
2024-04-24,BeanCo Coffee,13.62,,64491.70,xx9003,Dining Out & Takeaway,expense,BeanCo,merchant_match,high
2024-04-24,CityRail,6.32,,64485.38,xx9002,Transport & Parking,expense,CityRail,merchant_match,high
2024-04-24,PetSupplies Co,48.03,,64437.35,xx9001,Pet Expenses,expense,PetSupplies,merchant_match,high
2024-04-25,FreshMart Supermarket,140.46,,64296.89,xx9002,Groceries,expense,FreshMart,merchant_match,high
2024-04-25,BeanCo Coffee,14.05,,64282.84,xx9001,Dining Out & Takeaway,expense,BeanCo,merchant_match,high
2024-04-25,CityPharmacy,37.53,,64245.31,xx9003,Medical & Health,expense,CityPharmacy,merchant_match,high
2024-04-25,PetSupplies Co,54.71,,64190.60,xx9001,Pet Expenses,expense,PetSupplies,merchant_match,high
2024-04-25,WineCellar,20.20,,64170.40,xx9001,Alcohol,expense,WineCellar,merchant_match,high
2024-04-26,FreshMart Supermarket,121.35,,64049.05,xx9003,Groceries,expense,FreshMart,merchant_match,high
2024-04-26,Corner Grocer,44.03,,64005.02,xx9002,Groceries,expense,Corner Grocer,merchant_match,high
2024-04-27,FastFoods Drive-Thru,24.99,,63980.03,xx9001,Dining Out & Takeaway,expense,FastFoods,merchant_match,high
2024-04-27,Parking Authority,7.41,,63972.62,xx9003,Transport & Parking,expense,Parking Authority,merchant_match,high
2024-04-27,BankFee,4.00,,63968.62,xx9003,Bank Fees,expense,BankFee,merchant_match,high
2024-04-27,Australia Post,22.11,,63946.51,xx9001,Administrative & Post,expense,Australia Post,merchant_match,high
2024-04-28,FreshMart Supermarket,129.03,,63817.48,xx9003,Groceries,expense,FreshMart,merchant_match,high
2024-04-28,FuelStop Petrol,62.12,,63755.36,xx9003,Vehicle Expenses,expense,FuelStop,merchant_match,high
2024-04-28,Big Box Hardware,73.62,,63681.74,xx9002,Home & Garden,expense,Big Box Hardware,merchant_match,high
2024-04-28,ShoeStore,97.62,,63584.12,xx9001,Clothing & Footwear,expense,ShoeStore,merchant_match,high
2024-04-28,LocalBrewery,49.13,,63534.99,xx9001,Alcohol,expense,LocalBrewery,merchant_match,high
2024-04-28,CinemaWorld,23.50,,63511.49,xx9001,Social & Recreation,expense,CinemaWorld,merchant_match,high
2024-04-29,Home Loan Repayment,920.00,,62591.49,xx9001,Housing – Mortgage,expense,Home Loan,mortgage_pattern,high
2024-04-29,Corner Grocer,62.66,,62528.83,xx9003,Groceries,expense,Corner Grocer,merchant_match,high
2024-04-29,FastFoods Drive-Thru,14.75,,62514.08,xx9002,Dining Out & Takeaway,expense,FastFoods,merchant_match,high
2024-04-29,Birthday Gift Shop,99.49,,62414.59,xx9002,Gifts,expense,Birthday Gift Shop,merchant_match,high
2024-05-01,CityRail,11.60,,62402.99,xx9002,Transport & Parking,expense,CityRail,merchant_match,high
2024-05-01,AutoSure Car Insurance,112.38,,62290.61,xx9001,Insurance,expense,AutoSure,merchant_match,high
2024-05-01,HomeSafe Insurance,192.27,,62098.34,xx9003,Insurance,expense,HomeSafe,merchant_match,high
2024-05-01,StreamFlix,19.00,,62079.34,xx9002,Media Subscriptions,expense,StreamFlix,merchant_match,high
2024-05-02,FuelStop Petrol,78.94,,62000.40,xx9002,Vehicle Expenses,expense,FuelStop,merchant_match,high
2024-05-02,HomePower Utilities,246.39,,61754.01,xx9003,Utilities & Rates,expense,HomePower,merchant_match,high
2024-05-02,Garden Nursery,36.52,,61717.49,xx9003,Home & Garden,expense,Garden Nursery,merchant_match,high
2024-05-02,LocalBrewery,24.60,,61692.89,xx9002,Alcohol,expense,LocalBrewery,merchant_match,high
2024-05-03,BeanCo Coffee,13.57,,61679.32,xx9001,Dining Out & Takeaway,expense,BeanCo,merchant_match,high
2024-05-03,CityRail,9.55,,61669.77,xx9002,Transport & Parking,expense,CityRail,merchant_match,high
2024-05-04,CityRail,7.11,,61662.66,xx9003,Transport & Parking,expense,CityRail,merchant_match,high
2024-05-04,MedCentre,117.81,,61544.85,xx9002,Medical & Health,expense,MedCentre,merchant_match,high
2024-05-04,YogaStudio,45.00,,61499.85,xx9002,Sport & Hobbies,expense,YogaStudio,merchant_match,high
2024-05-05,BeanCo Coffee,20.63,,61479.22,xx9001,Dining Out & Takeaway,expense,BeanCo,merchant_match,high
2024-05-05,BookworldOnline,16.00,,61463.22,xx9002,Media Subscriptions,expense,BookworldOnline,merchant_match,high
2024-05-05,LocalBrewery,28.13,,61435.09,xx9001,Alcohol,expense,LocalBrewery,merchant_match,high
2024-05-06,Home Loan Repayment,920.00,,60515.09,xx9001,Housing – Mortgage,expense,Home Loan,mortgage_pattern,high
2024-05-06,FreshMart Supermarket,128.48,,60386.61,xx9003,Groceries,expense,FreshMart,merchant_match,high
2024-05-06,BeanCo Coffee,12.84,,60373.77,xx9002,Dining Out & Takeaway,expense,BeanCo,merchant_match,high
2024-05-06,FastFoods Drive-Thru,18.16,,60355.61,xx9003,Dining Out & Takeaway,expense,FastFoods,merchant_match,high
2024-05-06,YogaStudio,45.00,,60310.61,xx9001,Sport & Hobbies,expense,YogaStudio,merchant_match,high
2024-05-07,Corner Grocer,55.50,,60255.11,xx9002,Groceries,expense,Corner Grocer,merchant_match,high
2024-05-08,Salary Employer A,,3268.57,63523.68,xx9001,INCOME,income,Employer A — Wage,income_match,high
2024-05-08,Salary Employer B,,2647.66,66171.34,xx9001,INCOME,income,Employer B — Wage,income_match,high
2024-05-08,Fashion Outlet,93.42,,66077.92,xx9003,Clothing & Footwear,expense,Fashion Outlet,merchant_match,high
2024-05-09,Corner Grocer,43.56,,66034.36,xx9001,Groceries,expense,Corner Grocer,merchant_match,high
2024-05-09,Parking Authority,10.78,,66023.58,xx9001,Transport & Parking,expense,Parking Authority,merchant_match,high
2024-05-09,Big Box Hardware,9.63,,66013.95,xx9002,Home & Garden,expense,Big Box Hardware,merchant_match,high
2024-05-09,WineCellar,45.97,,65967.98,xx9003,Alcohol,expense,WineCellar,merchant_match,high
2024-05-09,LocalBrewery,24.65,,65943.33,xx9002,Alcohol,expense,LocalBrewery,merchant_match,high
2024-05-10,Corner Grocer,54.26,,65889.07,xx9002,Groceries,expense,Corner Grocer,merchant_match,high
2024-05-10,Australia Post,22.18,,65866.89,xx9002,Administrative & Post,expense,Australia Post,merchant_match,high
2024-05-11,FuelStop Petrol,83.20,,65783.69,xx9001,Vehicle Expenses,expense,FuelStop,merchant_match,high
2024-05-11,CityRail,9.83,,65773.86,xx9003,Transport & Parking,expense,CityRail,merchant_match,high
2024-05-11,FitnessFirst Gym,65.00,,65708.86,xx9001,Sport & Hobbies,expense,FitnessFirst,merchant_match,high
2024-05-12,BeanCo Coffee,11.30,,65697.56,xx9003,Dining Out & Takeaway,expense,BeanCo,merchant_match,high
2024-05-13,Home Loan Repayment,920.00,,64777.56,xx9001,Housing – Mortgage,expense,Home Loan,mortgage_pattern,high
2024-05-13,BeanCo Coffee,12.68,,64764.88,xx9003,Dining Out & Takeaway,expense,BeanCo,merchant_match,high
2024-05-13,FastFoods Drive-Thru,16.48,,64748.40,xx9001,Dining Out & Takeaway,expense,FastFoods,merchant_match,high
2024-05-13,FuelStop Petrol,104.63,,64643.77,xx9002,Vehicle Expenses,expense,FuelStop,merchant_match,high
2024-05-13,CityPharmacy,20.46,,64623.31,xx9003,Medical & Health,expense,CityPharmacy,merchant_match,high
2024-05-13,Big Box Hardware,74.40,,64548.91,xx9002,Home & Garden,expense,Big Box Hardware,merchant_match,high
2024-05-13,CinemaWorld,21.95,,64526.96,xx9003,Social & Recreation,expense,CinemaWorld,merchant_match,high
2024-05-13,Hairdresser,66.87,,64460.09,xx9002,Personal Care,expense,Hairdresser,merchant_match,high
2024-05-14,BeanCo Coffee,17.41,,64442.68,xx9001,Dining Out & Takeaway,expense,BeanCo,merchant_match,high
2024-05-14,CityRail,9.14,,64433.54,xx9001,Transport & Parking,expense,CityRail,merchant_match,high
2024-05-14,Mini Golf Co,38.08,,64395.46,xx9003,Social & Recreation,expense,Mini Golf Co,merchant_match,high
2024-05-14,TechMegaStore,109.34,,64286.12,xx9002,Technology & Equipment,expense,TechMegaStore,merchant_match,high
2024-05-15,BeanCo Coffee,12.29,,64273.83,xx9002,Dining Out & Takeaway,expense,BeanCo,merchant_match,high
2024-05-15,CinemaWorld,34.04,,64239.79,xx9002,Social & Recreation,expense,CinemaWorld,merchant_match,high
2024-05-15,Mini Golf Co,49.69,,64190.10,xx9001,Social & Recreation,expense,Mini Golf Co,merchant_match,high
2024-05-16,FreshMart Supermarket,119.24,,64070.86,xx9003,Groceries,expense,FreshMart,merchant_match,high
2024-05-16,Corner Grocer,45.75,,64025.11,xx9001,Groceries,expense,Corner Grocer,merchant_match,high
2024-05-16,FastFoods Drive-Thru,14.63,,64010.48,xx9002,Dining Out & Takeaway,expense,FastFoods,merchant_match,high
2024-05-16,CityRail,4.84,,64005.64,xx9002,Transport & Parking,expense,CityRail,merchant_match,high
2024-05-16,ShoeStore,91.02,,63914.62,xx9001,Clothing & Footwear,expense,ShoeStore,merchant_match,high
2024-05-16,WineCellar,44.54,,63870.08,xx9003,Alcohol,expense,WineCellar,merchant_match,high
2024-05-17,FreshMart Supermarket,103.81,,63766.27,xx9003,Groceries,expense,FreshMart,merchant_match,high
2024-05-17,BeanCo Coffee,18.14,,63748.13,xx9001,Dining Out & Takeaway,expense,BeanCo,merchant_match,high
2024-05-17,CityRail,10.38,,63737.75,xx9001,Transport & Parking,expense,CityRail,merchant_match,high
2024-05-17,MedCentre,111.06,,63626.69,xx9002,Medical & Health,expense,MedCentre,merchant_match,high
2024-05-17,PetSupplies Co,68.28,,63558.41,xx9002,Pet Expenses,expense,PetSupplies,merchant_match,high
2024-05-17,FitnessFirst Gym,65.00,,63493.41,xx9003,Sport & Hobbies,expense,FitnessFirst,merchant_match,high
2024-05-17,Online Learning,45.00,,63448.41,xx9003,Education & Training,expense,Online Learning,merchant_match,high
2024-05-18,FastFoods Drive-Thru,19.70,,63428.71,xx9002,Dining Out & Takeaway,expense,FastFoods,merchant_match,high
2024-05-18,Hairdresser,60.68,,63368.03,xx9003,Personal Care,expense,Hairdresser,merchant_match,high
2024-05-19,FreshMart Supermarket,78.02,,63290.01,xx9001,Groceries,expense,FreshMart,merchant_match,high
2024-05-19,Corner Grocer,37.53,,63252.48,xx9002,Groceries,expense,Corner Grocer,merchant_match,high
2024-05-19,BookworldOnline,16.00,,63236.48,xx9002,Media Subscriptions,expense,BookworldOnline,merchant_match,high
2024-05-19,WineCellar,79.19,,63157.29,xx9001,Alcohol,expense,WineCellar,merchant_match,high
2024-05-20,Home Loan Repayment,920.00,,62237.29,xx9001,Housing – Mortgage,expense,Home Loan,mortgage_pattern,high
2024-05-20,BeanCo Coffee,9.51,,62227.78,xx9002,Dining Out & Takeaway,expense,BeanCo,merchant_match,high
2024-05-20,Parking Authority,17.07,,62210.71,xx9003,Transport & Parking,expense,Parking Authority,merchant_match,high
2024-05-21,FastFoods Drive-Thru,27.21,,62183.50,xx9002,Dining Out & Takeaway,expense,FastFoods,merchant_match,high
2024-05-21,CityRail,9.47,,62174.03,xx9003,Transport & Parking,expense,CityRail,merchant_match,high
2024-05-21,Big Box Hardware,96.29,,62077.74,xx9002,Home & Garden,expense,Big Box Hardware,merchant_match,high
2024-05-22,Salary Employer A,,3385.25,65462.99,xx9001,INCOME,income,Employer A — Wage,income_match,high
2024-05-22,Salary Employer B,,3044.00,68506.99,xx9001,INCOME,income,Employer B — Wage,income_match,high
2024-05-22,FreshMart Supermarket,84.51,,68422.48,xx9003,Groceries,expense,FreshMart,merchant_match,high
2024-05-22,CityRail,7.34,,68415.14,xx9002,Transport & Parking,expense,CityRail,merchant_match,high
2024-05-22,Parking Authority,19.82,,68395.32,xx9003,Transport & Parking,expense,Parking Authority,merchant_match,high
2024-05-22,MedCentre,76.32,,68319.00,xx9003,Medical & Health,expense,MedCentre,merchant_match,high
2024-05-23,CityRail,7.40,,68311.60,xx9003,Transport & Parking,expense,CityRail,merchant_match,high
2024-05-23,TechMegaStore,158.52,,68153.08,xx9001,Technology & Equipment,expense,TechMegaStore,merchant_match,high
2024-05-23,Australia Post,19.34,,68133.74,xx9001,Administrative & Post,expense,Australia Post,merchant_match,high
2024-05-24,FreshMart Supermarket,137.45,,67996.29,xx9002,Groceries,expense,FreshMart,merchant_match,high
2024-05-24,BeanCo Coffee,14.68,,67981.61,xx9001,Dining Out & Takeaway,expense,BeanCo,merchant_match,high
2024-05-24,FastFoods Drive-Thru,16.99,,67964.62,xx9002,Dining Out & Takeaway,expense,FastFoods,merchant_match,high
2024-05-25,BookworldOnline,16.00,,67948.62,xx9002,Media Subscriptions,expense,BookworldOnline,merchant_match,high
2024-05-25,ShoeStore,114.49,,67834.13,xx9001,Clothing & Footwear,expense,ShoeStore,merchant_match,high
2024-05-25,Mini Golf Co,55.03,,67779.10,xx9002,Social & Recreation,expense,Mini Golf Co,merchant_match,high
2024-05-26,BeanCo Coffee,10.38,,67768.72,xx9001,Dining Out & Takeaway,expense,BeanCo,merchant_match,high
2024-05-26,FuelStop Petrol,93.13,,67675.59,xx9001,Vehicle Expenses,expense,FuelStop,merchant_match,high
2024-05-27,Home Loan Repayment,920.00,,66755.59,xx9001,Housing – Mortgage,expense,Home Loan,mortgage_pattern,high
2024-05-27,FuelStop Petrol,85.06,,66670.53,xx9003,Vehicle Expenses,expense,FuelStop,merchant_match,high
2024-05-27,CityRail,7.01,,66663.52,xx9001,Transport & Parking,expense,CityRail,merchant_match,high
2024-05-27,Parking Authority,20.70,,66642.82,xx9001,Transport & Parking,expense,Parking Authority,merchant_match,high
2024-05-27,MusicCloud,12.00,,66630.82,xx9003,Media Subscriptions,expense,MusicCloud,merchant_match,high
2024-05-27,Australia Post,18.22,,66612.60,xx9001,Administrative & Post,expense,Australia Post,merchant_match,high
2024-05-28,FreshMart Supermarket,168.98,,66443.62,xx9001,Groceries,expense,FreshMart,merchant_match,high
2024-05-28,CityRail,7.02,,66436.60,xx9001,Transport & Parking,expense,CityRail,merchant_match,high
2024-05-28,Telco Plus Mobile,60.00,,66376.60,xx9002,Communications & Internet,expense,Telco Plus,merchant_match,high
2024-05-28,Mini Golf Co,49.68,,66326.92,xx9001,Social & Recreation,expense,Mini Golf Co,merchant_match,high
2024-05-28,BankFee,4.00,,66322.92,xx9002,Bank Fees,expense,BankFee,merchant_match,high
2024-05-29,BeanCo Coffee,12.74,,66310.18,xx9001,Dining Out & Takeaway,expense,BeanCo,merchant_match,high
2024-05-29,FastFoods Drive-Thru,16.85,,66293.33,xx9001,Dining Out & Takeaway,expense,FastFoods,merchant_match,high
2024-05-29,AutoSure Car Insurance,101.20,,66192.13,xx9001,Insurance,expense,AutoSure,merchant_match,high
2024-05-29,MedCentre,113.00,,66079.13,xx9001,Medical & Health,expense,MedCentre,merchant_match,high
2024-05-30,Corner Grocer,59.69,,66019.44,xx9001,Groceries,expense,Corner Grocer,merchant_match,high
2024-05-30,Pizza Palace,53.07,,65966.37,xx9001,Dining Out & Takeaway,expense,Pizza Palace,merchant_match,high
2024-05-30,WineCellar,39.91,,65926.46,xx9003,Alcohol,expense,WineCellar,merchant_match,high
2024-05-30,LocalBrewery,41.10,,65885.36,xx9002,Alcohol,expense,LocalBrewery,merchant_match,high
2024-05-31,Corner Grocer,46.93,,65838.43,xx9003,Groceries,expense,Corner Grocer,merchant_match,high
2024-05-31,Pizza Palace,40.34,,65798.09,xx9001,Dining Out & Takeaway,expense,Pizza Palace,merchant_match,high
2024-05-31,Birthday Gift Shop,1.00,,65797.09,xx9001,Gifts,expense,Birthday Gift Shop,merchant_match,high
2024-06-01,BeanCo Coffee,14.94,,65782.15,xx9002,Dining Out & Takeaway,expense,BeanCo,merchant_match,high
2024-06-01,CityRail,5.52,,65776.63,xx9002,Transport & Parking,expense,CityRail,merchant_match,high
2024-06-01,Hairdresser,56.36,,65720.27,xx9002,Personal Care,expense,Hairdresser,merchant_match,high
2024-06-02,Parking Authority,12.82,,65707.45,xx9002,Transport & Parking,expense,Parking Authority,merchant_match,high
2024-06-03,Home Loan Repayment,920.00,,64787.45,xx9001,Housing – Mortgage,expense,Home Loan,mortgage_pattern,high
2024-06-03,FreshMart Supermarket,74.26,,64713.19,xx9002,Groceries,expense,FreshMart,merchant_match,high
2024-06-03,BeanCo Coffee,12.25,,64700.94,xx9003,Dining Out & Takeaway,expense,BeanCo,merchant_match,high
2024-06-04,Corner Grocer,50.92,,64650.02,xx9003,Groceries,expense,Corner Grocer,merchant_match,high
2024-06-04,CityRail,7.98,,64642.04,xx9001,Transport & Parking,expense,CityRail,merchant_match,high
2024-06-04,Council Rates,452.61,,64189.43,xx9001,Utilities & Rates,expense,Council Rates,merchant_match,high
2024-06-04,CinemaWorld,40.80,,64148.63,xx9002,Social & Recreation,expense,CinemaWorld,merchant_match,high
2024-06-05,Salary Employer A,,3736.05,67884.68,xx9001,INCOME,income,Employer A — Wage,income_match,high
2024-06-05,Salary Employer B,,2821.30,70705.98,xx9001,INCOME,income,Employer B — Wage,income_match,high
2024-06-05,CityRail,9.80,,70696.18,xx9003,Transport & Parking,expense,CityRail,merchant_match,high
2024-06-05,LocalBrewery,33.55,,70662.63,xx9001,Alcohol,expense,LocalBrewery,merchant_match,high
2024-06-05,CinemaWorld,28.81,,70633.82,xx9001,Social & Recreation,expense,CinemaWorld,merchant_match,high
2024-06-06,FreshMart Supermarket,76.21,,70557.61,xx9002,Groceries,expense,FreshMart,merchant_match,high
2024-06-06,Corner Grocer,42.34,,70515.27,xx9002,Groceries,expense,Corner Grocer,merchant_match,high
2024-06-06,BeanCo Coffee,9.75,,70505.52,xx9001,Dining Out & Takeaway,expense,BeanCo,merchant_match,high
2024-06-06,FastFoods Drive-Thru,14.24,,70491.28,xx9003,Dining Out & Takeaway,expense,FastFoods,merchant_match,high
2024-06-06,FibreNet Internet,85.00,,70406.28,xx9003,Communications & Internet,expense,FibreNet,merchant_match,high
2024-06-06,HealthShield Insurance,230.49,,70175.79,xx9002,Insurance,expense,HealthShield,merchant_match,high
2024-06-06,PetSupplies Co,23.82,,70151.97,xx9001,Pet Expenses,expense,PetSupplies,merchant_match,high
2024-06-06,Mini Golf Co,37.30,,70114.67,xx9002,Social & Recreation,expense,Mini Golf Co,merchant_match,high
2024-06-07,BeanCo Coffee,11.82,,70102.85,xx9002,Dining Out & Takeaway,expense,BeanCo,merchant_match,high
2024-06-07,FuelStop Petrol,81.73,,70021.12,xx9002,Vehicle Expenses,expense,FuelStop,merchant_match,high
2024-06-08,BeanCo Coffee,8.89,,70012.23,xx9001,Dining Out & Takeaway,expense,BeanCo,merchant_match,high
2024-06-08,Pizza Palace,27.80,,69984.43,xx9003,Dining Out & Takeaway,expense,Pizza Palace,merchant_match,high
2024-06-08,Parking Authority,16.67,,69967.76,xx9001,Transport & Parking,expense,Parking Authority,merchant_match,high
2024-06-08,LocalBrewery,48.74,,69919.02,xx9001,Alcohol,expense,LocalBrewery,merchant_match,high
2024-06-09,FreshMart Supermarket,96.57,,69822.45,xx9001,Groceries,expense,FreshMart,merchant_match,high
2024-06-09,Corner Grocer,47.58,,69774.87,xx9003,Groceries,expense,Corner Grocer,merchant_match,high
2024-06-09,Australia Post,17.54,,69757.33,xx9002,Administrative & Post,expense,Australia Post,merchant_match,high
2024-06-10,Home Loan Repayment,920.00,,68837.33,xx9001,Housing – Mortgage,expense,Home Loan,mortgage_pattern,high
2024-06-10,Corner Grocer,51.39,,68785.94,xx9002,Groceries,expense,Corner Grocer,merchant_match,high
2024-06-10,FastFoods Drive-Thru,22.00,,68763.94,xx9001,Dining Out & Takeaway,expense,FastFoods,merchant_match,high
2024-06-10,Parking Authority,13.94,,68750.00,xx9002,Transport & Parking,expense,Parking Authority,merchant_match,high
2024-06-10,WaterCorp,115.07,,68634.93,xx9001,Utilities & Rates,expense,WaterCorp,merchant_match,high
2024-06-10,WineCellar,54.86,,68580.07,xx9002,Alcohol,expense,WineCellar,merchant_match,high
2024-06-10,LocalBrewery,14.35,,68565.72,xx9001,Alcohol,expense,LocalBrewery,merchant_match,high
2024-06-11,FastFoods Drive-Thru,15.96,,68549.76,xx9003,Dining Out & Takeaway,expense,FastFoods,merchant_match,high
2024-06-11,CityRail,5.95,,68543.81,xx9001,Transport & Parking,expense,CityRail,merchant_match,high
2024-06-11,Fashion Outlet,132.87,,68410.94,xx9002,Clothing & Footwear,expense,Fashion Outlet,merchant_match,high
2024-06-11,Beauty Spa,85.12,,68325.82,xx9001,Personal Care,expense,Beauty Spa,merchant_match,high
2024-06-12,CityRail,9.50,,68316.32,xx9001,Transport & Parking,expense,CityRail,merchant_match,high
2024-06-13,BeanCo Coffee,13.61,,68302.71,xx9003,Dining Out & Takeaway,expense,BeanCo,merchant_match,high
2024-06-13,Birthday Gift Shop,112.71,,68190.00,xx9003,Gifts,expense,Birthday Gift Shop,merchant_match,high
2024-06-14,FreshMart Supermarket,115.96,,68074.04,xx9001,Groceries,expense,FreshMart,merchant_match,high
2024-06-14,FastFoods Drive-Thru,29.98,,68044.06,xx9003,Dining Out & Takeaway,expense,FastFoods,merchant_match,high
2024-06-14,FuelStop Petrol,98.95,,67945.11,xx9002,Vehicle Expenses,expense,FuelStop,merchant_match,high
2024-06-14,CityRail,9.68,,67935.43,xx9002,Transport & Parking,expense,CityRail,merchant_match,high
2024-06-14,Telco Plus Mobile,60.00,,67875.43,xx9001,Communications & Internet,expense,Telco Plus,merchant_match,high
2024-06-15,BeanCo Coffee,19.28,,67856.15,xx9003,Dining Out & Takeaway,expense,BeanCo,merchant_match,high
2024-06-15,HealthShield Insurance,223.20,,67632.95,xx9001,Insurance,expense,HealthShield,merchant_match,high
2024-06-15,LocalBrewery,43.57,,67589.38,xx9003,Alcohol,expense,LocalBrewery,merchant_match,high
2024-06-16,FreshMart Supermarket,116.14,,67473.24,xx9001,Groceries,expense,FreshMart,merchant_match,high
2024-06-17,Home Loan Repayment,920.00,,66553.24,xx9001,Housing – Mortgage,expense,Home Loan,mortgage_pattern,high
2024-06-17,FreshMart Supermarket,108.45,,66444.79,xx9003,Groceries,expense,FreshMart,merchant_match,high
2024-06-17,CityRail,9.73,,66435.06,xx9002,Transport & Parking,expense,CityRail,merchant_match,high
2024-06-17,WaterCorp,124.24,,66310.82,xx9002,Utilities & Rates,expense,WaterCorp,merchant_match,high
2024-06-17,AutoSure Car Insurance,101.76,,66209.06,xx9002,Insurance,expense,AutoSure,merchant_match,high
2024-06-17,Big Box Hardware,79.88,,66129.18,xx9003,Home & Garden,expense,Big Box Hardware,merchant_match,high
2024-06-18,BeanCo Coffee,11.10,,66118.08,xx9002,Dining Out & Takeaway,expense,BeanCo,merchant_match,high
2024-06-18,MusicCloud,12.00,,66106.08,xx9001,Media Subscriptions,expense,MusicCloud,merchant_match,high
2024-06-19,Salary Employer A,,3427.35,69533.43,xx9001,INCOME,income,Employer A — Wage,income_match,high
2024-06-19,Salary Employer B,,2781.65,72315.08,xx9001,INCOME,income,Employer B — Wage,income_match,high
2024-06-19,CityRail,5.08,,72310.00,xx9002,Transport & Parking,expense,CityRail,merchant_match,high
2024-06-19,CityPharmacy,20.91,,72289.09,xx9003,Medical & Health,expense,CityPharmacy,merchant_match,high
2024-06-20,CityPharmacy,30.07,,72259.02,xx9003,Medical & Health,expense,CityPharmacy,merchant_match,high
2024-06-21,FreshMart Supermarket,149.08,,72109.94,xx9003,Groceries,expense,FreshMart,merchant_match,high
2024-06-21,WineCellar,66.67,,72043.27,xx9001,Alcohol,expense,WineCellar,merchant_match,high
2024-06-21,Mini Golf Co,32.34,,72010.93,xx9002,Social & Recreation,expense,Mini Golf Co,merchant_match,high
2024-06-21,Australia Post,20.78,,71990.15,xx9001,Administrative & Post,expense,Australia Post,merchant_match,high
2024-06-22,FreshMart Supermarket,129.64,,71860.51,xx9002,Groceries,expense,FreshMart,merchant_match,high
2024-06-22,BeanCo Coffee,10.82,,71849.69,xx9002,Dining Out & Takeaway,expense,BeanCo,merchant_match,high
2024-06-22,FuelStop Petrol,89.61,,71760.08,xx9001,Vehicle Expenses,expense,FuelStop,merchant_match,high
2024-06-23,FreshMart Supermarket,52.72,,71707.36,xx9002,Groceries,expense,FreshMart,merchant_match,high
2024-06-23,MusicCloud,12.00,,71695.36,xx9003,Media Subscriptions,expense,MusicCloud,merchant_match,high
2024-06-24,Home Loan Repayment,920.00,,70775.36,xx9001,Housing – Mortgage,expense,Home Loan,mortgage_pattern,high
2024-06-24,Parking Authority,14.54,,70760.82,xx9001,Transport & Parking,expense,Parking Authority,merchant_match,high
2024-06-24,StreamFlix,19.00,,70741.82,xx9003,Media Subscriptions,expense,StreamFlix,merchant_match,high
2024-06-24,Mini Golf Co,41.99,,70699.83,xx9002,Social & Recreation,expense,Mini Golf Co,merchant_match,high
2024-06-24,OnceOff Repair,216.60,,70483.23,xx9002,One-off Expenses,expense,OnceOff Repair,merchant_match,high
2024-06-25,FreshMart Supermarket,135.85,,70347.38,xx9001,Groceries,expense,FreshMart,merchant_match,high
2024-06-25,BeanCo Coffee,11.59,,70335.79,xx9003,Dining Out & Takeaway,expense,BeanCo,merchant_match,high
2024-06-25,FuelStop Petrol,77.40,,70258.39,xx9001,Vehicle Expenses,expense,FuelStop,merchant_match,high
2024-06-26,CityRail,7.82,,70250.57,xx9002,Transport & Parking,expense,CityRail,merchant_match,high
2024-06-26,HomeSafe Insurance,170.44,,70080.13,xx9001,Insurance,expense,HomeSafe,merchant_match,high
2024-06-26,WineCellar,61.83,,70018.30,xx9002,Alcohol,expense,WineCellar,merchant_match,high
2024-06-26,Beauty Spa,111.30,,69907.00,xx9002,Personal Care,expense,Beauty Spa,merchant_match,high
2024-06-27,Pizza Palace,42.43,,69864.57,xx9003,Dining Out & Takeaway,expense,Pizza Palace,merchant_match,high
2024-06-27,FastFoods Drive-Thru,20.77,,69843.80,xx9002,Dining Out & Takeaway,expense,FastFoods,merchant_match,high
2024-06-28,FastFoods Drive-Thru,20.20,,69823.60,xx9001,Dining Out & Takeaway,expense,FastFoods,merchant_match,high
2024-06-28,FuelStop Petrol,82.36,,69741.24,xx9001,Vehicle Expenses,expense,FuelStop,merchant_match,high
2024-06-28,HealthShield Insurance,213.97,,69527.27,xx9001,Insurance,expense,HealthShield,merchant_match,high
2024-06-28,CinemaWorld,28.15,,69499.12,xx9001,Social & Recreation,expense,CinemaWorld,merchant_match,high
2024-06-28,YogaStudio,45.00,,69454.12,xx9001,Sport & Hobbies,expense,YogaStudio,merchant_match,high
2024-06-28,Beauty Spa,102.54,,69351.58,xx9002,Personal Care,expense,Beauty Spa,merchant_match,high
2024-06-29,BeanCo Coffee,9.37,,69342.21,xx9001,Dining Out & Takeaway,expense,BeanCo,merchant_match,high
2024-06-29,FuelStop Petrol,79.52,,69262.69,xx9002,Vehicle Expenses,expense,FuelStop,merchant_match,high
2024-06-29,AutoSure Car Insurance,100.75,,69161.94,xx9001,Insurance,expense,AutoSure,merchant_match,high
2024-06-29,Fashion Outlet,87.35,,69074.59,xx9001,Clothing & Footwear,expense,Fashion Outlet,merchant_match,high
2024-06-30,FreshMart Supermarket,89.79,,68984.80,xx9002,Groceries,expense,FreshMart,merchant_match,high
2024-06-30,Corner Grocer,38.60,,68946.20,xx9002,Groceries,expense,Corner Grocer,merchant_match,high
2024-06-30,Parking Authority,10.10,,68936.10,xx9002,Transport & Parking,expense,Parking Authority,merchant_match,high
2024-07-01,Home Loan Repayment,920.00,,68016.10,xx9001,Housing – Mortgage,expense,Home Loan,mortgage_pattern,high
2024-07-01,FreshMart Supermarket,83.31,,67932.79,xx9002,Groceries,expense,FreshMart,merchant_match,high
2024-07-01,Beauty Spa,136.67,,67796.12,xx9001,Personal Care,expense,Beauty Spa,merchant_match,high
2024-07-01,Birthday Gift Shop,50.19,,67745.93,xx9002,Gifts,expense,Birthday Gift Shop,merchant_match,high
2024-07-02,FreshMart Supermarket,87.53,,67658.40,xx9002,Groceries,expense,FreshMart,merchant_match,high
2024-07-02,BeanCo Coffee,14.39,,67644.01,xx9003,Dining Out & Takeaway,expense,BeanCo,merchant_match,high
2024-07-02,FastFoods Drive-Thru,18.63,,67625.38,xx9002,Dining Out & Takeaway,expense,FastFoods,merchant_match,high
2024-07-02,HomeSafe Insurance,180.38,,67445.00,xx9003,Insurance,expense,HomeSafe,merchant_match,high
2024-07-02,Charity Foundation,25.00,,67420.00,xx9001,Donations & Charity,expense,Charity Foundation,merchant_match,high
2024-07-02,Australia Post,17.07,,67402.93,xx9002,Administrative & Post,expense,Australia Post,merchant_match,high
2024-07-03,Salary Employer A,,3618.21,71021.14,xx9001,INCOME,income,Employer A — Wage,income_match,high
2024-07-03,Salary Employer B,,2828.27,73849.41,xx9001,INCOME,income,Employer B — Wage,income_match,high
2024-07-03,FreshMart Supermarket,133.60,,73715.81,xx9003,Groceries,expense,FreshMart,merchant_match,high
2024-07-03,FastFoods Drive-Thru,21.72,,73694.09,xx9003,Dining Out & Takeaway,expense,FastFoods,merchant_match,high
2024-07-03,CityRail,9.39,,73684.70,xx9001,Transport & Parking,expense,CityRail,merchant_match,high
2024-07-03,MedCentre,96.41,,73588.29,xx9002,Medical & Health,expense,MedCentre,merchant_match,high
2024-07-04,BeanCo Coffee,12.36,,73575.93,xx9002,Dining Out & Takeaway,expense,BeanCo,merchant_match,high
2024-07-04,FuelStop Petrol,107.44,,73468.49,xx9002,Vehicle Expenses,expense,FuelStop,merchant_match,high
2024-07-05,BeanCo Coffee,16.46,,73452.03,xx9003,Dining Out & Takeaway,expense,BeanCo,merchant_match,high
2024-07-05,FitnessFirst Gym,65.00,,73387.03,xx9003,Sport & Hobbies,expense,FitnessFirst,merchant_match,high
2024-07-06,BeanCo Coffee,9.64,,73377.39,xx9001,Dining Out & Takeaway,expense,BeanCo,merchant_match,high
2024-07-06,Big Box Hardware,51.00,,73326.39,xx9003,Home & Garden,expense,Big Box Hardware,merchant_match,high
2024-07-06,LocalBrewery,38.91,,73287.48,xx9001,Alcohol,expense,LocalBrewery,merchant_match,high
2024-07-06,BankFee,4.00,,73283.48,xx9002,Bank Fees,expense,BankFee,merchant_match,high
2024-07-07,BeanCo Coffee,9.90,,73273.58,xx9001,Dining Out & Takeaway,expense,BeanCo,merchant_match,high
2024-07-07,TechMegaStore,173.17,,73100.41,xx9001,Technology & Equipment,expense,TechMegaStore,merchant_match,high
2024-07-08,Home Loan Repayment,920.00,,72180.41,xx9001,Housing – Mortgage,expense,Home Loan,mortgage_pattern,high
2024-07-08,Online Learning,45.00,,72135.41,xx9002,Education & Training,expense,Online Learning,merchant_match,high
2024-07-09,FuelStop Petrol,94.45,,72040.96,xx9003,Vehicle Expenses,expense,FuelStop,merchant_match,high
2024-07-09,LocalBrewery,57.49,,71983.47,xx9001,Alcohol,expense,LocalBrewery,merchant_match,high
2024-07-09,Online Learning,45.00,,71938.47,xx9001,Education & Training,expense,Online Learning,merchant_match,high
2024-07-10,BeanCo Coffee,15.03,,71923.44,xx9002,Dining Out & Takeaway,expense,BeanCo,merchant_match,high
2024-07-10,PetSupplies Co,48.36,,71875.08,xx9001,Pet Expenses,expense,PetSupplies,merchant_match,high
2024-07-11,Corner Grocer,55.35,,71819.73,xx9003,Groceries,expense,Corner Grocer,merchant_match,high
2024-07-11,FastFoods Drive-Thru,26.87,,71792.86,xx9003,Dining Out & Takeaway,expense,FastFoods,merchant_match,high
2024-07-12,BeanCo Coffee,11.39,,71781.47,xx9003,Dining Out & Takeaway,expense,BeanCo,merchant_match,high
2024-07-12,FuelStop Petrol,93.36,,71688.11,xx9002,Vehicle Expenses,expense,FuelStop,merchant_match,high
2024-07-12,TechMegaStore,298.02,,71390.09,xx9003,Technology & Equipment,expense,TechMegaStore,merchant_match,high
2024-07-13,FreshMart Supermarket,65.98,,71324.11,xx9002,Groceries,expense,FreshMart,merchant_match,high
2024-07-13,Garden Nursery,50.43,,71273.68,xx9001,Home & Garden,expense,Garden Nursery,merchant_match,high
2024-07-14,FreshMart Supermarket,169.16,,71104.52,xx9001,Groceries,expense,FreshMart,merchant_match,high
2024-07-14,BeanCo Coffee,13.42,,71091.10,xx9001,Dining Out & Takeaway,expense,BeanCo,merchant_match,high
2024-07-14,FastFoods Drive-Thru,25.61,,71065.49,xx9002,Dining Out & Takeaway,expense,FastFoods,merchant_match,high
2024-07-15,Home Loan Repayment,920.00,,70145.49,xx9001,Housing – Mortgage,expense,Home Loan,mortgage_pattern,high
2024-07-15,BeanCo Coffee,14.71,,70130.78,xx9001,Dining Out & Takeaway,expense,BeanCo,merchant_match,high
2024-07-15,FastFoods Drive-Thru,25.92,,70104.86,xx9002,Dining Out & Takeaway,expense,FastFoods,merchant_match,high
2024-07-15,CityPharmacy,12.04,,70092.82,xx9001,Medical & Health,expense,CityPharmacy,merchant_match,high
2024-07-15,VetCare Animal Hospital,116.92,,69975.90,xx9003,Pet Expenses,expense,VetCare,merchant_match,high
2024-07-15,FitnessFirst Gym,65.00,,69910.90,xx9003,Sport & Hobbies,expense,FitnessFirst,merchant_match,high
2024-07-16,Corner Grocer,54.24,,69856.66,xx9002,Groceries,expense,Corner Grocer,merchant_match,high
2024-07-16,PetSupplies Co,49.66,,69807.00,xx9001,Pet Expenses,expense,PetSupplies,merchant_match,high
2024-07-16,CinemaWorld,30.67,,69776.33,xx9001,Social & Recreation,expense,CinemaWorld,merchant_match,high
2024-07-17,Salary Employer A,,3508.81,73285.14,xx9001,INCOME,income,Employer A — Wage,income_match,high
2024-07-17,Salary Employer B,,2801.23,76086.37,xx9001,INCOME,income,Employer B — Wage,income_match,high
2024-07-17,FreshMart Supermarket,100.07,,75986.30,xx9001,Groceries,expense,FreshMart,merchant_match,high
2024-07-17,Corner Grocer,31.87,,75954.43,xx9003,Groceries,expense,Corner Grocer,merchant_match,high
2024-07-17,BeanCo Coffee,16.34,,75938.09,xx9001,Dining Out & Takeaway,expense,BeanCo,merchant_match,high
2024-07-17,FastFoods Drive-Thru,7.87,,75930.22,xx9003,Dining Out & Takeaway,expense,FastFoods,merchant_match,high
2024-07-17,Parking Authority,11.76,,75918.46,xx9001,Transport & Parking,expense,Parking Authority,merchant_match,high
2024-07-17,Garden Nursery,86.59,,75831.87,xx9002,Home & Garden,expense,Garden Nursery,merchant_match,high
2024-07-17,Hairdresser,55.17,,75776.70,xx9001,Personal Care,expense,Hairdresser,merchant_match,high
2024-07-18,FreshMart Supermarket,169.37,,75607.33,xx9002,Groceries,expense,FreshMart,merchant_match,high
2024-07-18,Corner Grocer,38.37,,75568.96,xx9001,Groceries,expense,Corner Grocer,merchant_match,high
2024-07-18,FastFoods Drive-Thru,26.11,,75542.85,xx9001,Dining Out & Takeaway,expense,FastFoods,merchant_match,high
2024-07-18,WineCellar,58.50,,75484.35,xx9001,Alcohol,expense,WineCellar,merchant_match,high
2024-07-18,BankFee,4.00,,75480.35,xx9003,Bank Fees,expense,BankFee,merchant_match,high
2024-07-19,Corner Grocer,47.22,,75433.13,xx9002,Groceries,expense,Corner Grocer,merchant_match,high
2024-07-19,BeanCo Coffee,11.77,,75421.36,xx9001,Dining Out & Takeaway,expense,BeanCo,merchant_match,high
2024-07-19,Pizza Palace,45.25,,75376.11,xx9002,Dining Out & Takeaway,expense,Pizza Palace,merchant_match,high
2024-07-19,FastFoods Drive-Thru,27.31,,75348.80,xx9001,Dining Out & Takeaway,expense,FastFoods,merchant_match,high
2024-07-19,Mini Golf Co,43.15,,75305.65,xx9001,Social & Recreation,expense,Mini Golf Co,merchant_match,high
2024-07-20,FreshMart Supermarket,100.89,,75204.76,xx9002,Groceries,expense,FreshMart,merchant_match,high
2024-07-21,FreshMart Supermarket,106.61,,75098.15,xx9003,Groceries,expense,FreshMart,merchant_match,high
2024-07-21,CityRail,7.83,,75090.32,xx9002,Transport & Parking,expense,CityRail,merchant_match,high
2024-07-21,Council Rates,430.45,,74659.87,xx9003,Utilities & Rates,expense,Council Rates,merchant_match,high
2024-07-22,Home Loan Repayment,920.00,,73739.87,xx9001,Housing – Mortgage,expense,Home Loan,mortgage_pattern,high
2024-07-22,Corner Grocer,39.75,,73700.12,xx9003,Groceries,expense,Corner Grocer,merchant_match,high
2024-07-22,CityRail,5.92,,73694.20,xx9002,Transport & Parking,expense,CityRail,merchant_match,high
2024-07-22,MedCentre,83.76,,73610.44,xx9002,Medical & Health,expense,MedCentre,merchant_match,high
2024-07-22,Australia Post,14.06,,73596.38,xx9003,Administrative & Post,expense,Australia Post,merchant_match,high
2024-07-23,Pizza Palace,30.23,,73566.15,xx9003,Dining Out & Takeaway,expense,Pizza Palace,merchant_match,high
2024-07-23,FastFoods Drive-Thru,15.41,,73550.74,xx9003,Dining Out & Takeaway,expense,FastFoods,merchant_match,high
2024-07-23,Parking Authority,10.73,,73540.01,xx9001,Transport & Parking,expense,Parking Authority,merchant_match,high
2024-07-24,FreshMart Supermarket,129.50,,73410.51,xx9003,Groceries,expense,FreshMart,merchant_match,high
2024-07-24,WaterCorp,107.07,,73303.44,xx9002,Utilities & Rates,expense,WaterCorp,merchant_match,high
2024-07-24,HealthShield Insurance,207.88,,73095.56,xx9001,Insurance,expense,HealthShield,merchant_match,high
2024-07-24,CityPharmacy,28.40,,73067.16,xx9003,Medical & Health,expense,CityPharmacy,merchant_match,high
2024-07-25,HomePower Utilities,297.47,,72769.69,xx9001,Utilities & Rates,expense,HomePower,merchant_match,high
2024-07-25,TechMegaStore,49.89,,72719.80,xx9002,Technology & Equipment,expense,TechMegaStore,merchant_match,high
2024-07-26,BeanCo Coffee,13.39,,72706.41,xx9002,Dining Out & Takeaway,expense,BeanCo,merchant_match,high
2024-07-26,CityRail,3.28,,72703.13,xx9002,Transport & Parking,expense,CityRail,merchant_match,high
2024-07-26,Australia Post,25.79,,72677.34,xx9001,Administrative & Post,expense,Australia Post,merchant_match,high
2024-07-27,Pizza Palace,21.73,,72655.61,xx9001,Dining Out & Takeaway,expense,Pizza Palace,merchant_match,high
2024-07-27,FastFoods Drive-Thru,8.70,,72646.91,xx9002,Dining Out & Takeaway,expense,FastFoods,merchant_match,high
2024-07-27,AutoSure Car Insurance,106.87,,72540.04,xx9003,Insurance,expense,AutoSure,merchant_match,high
2024-07-27,CinemaWorld,33.78,,72506.26,xx9001,Social & Recreation,expense,CinemaWorld,merchant_match,high
2024-07-28,FreshMart Supermarket,121.36,,72384.90,xx9003,Groceries,expense,FreshMart,merchant_match,high
2024-07-28,FastFoods Drive-Thru,12.05,,72372.85,xx9003,Dining Out & Takeaway,expense,FastFoods,merchant_match,high
2024-07-28,WaterCorp,133.95,,72238.90,xx9003,Utilities & Rates,expense,WaterCorp,merchant_match,high
2024-07-28,Council Rates,449.63,,71789.27,xx9003,Utilities & Rates,expense,Council Rates,merchant_match,high
2024-07-28,YogaStudio,45.00,,71744.27,xx9001,Sport & Hobbies,expense,YogaStudio,merchant_match,high
2024-07-29,Home Loan Repayment,920.00,,70824.27,xx9001,Housing – Mortgage,expense,Home Loan,mortgage_pattern,high
2024-07-29,FastFoods Drive-Thru,18.82,,70805.45,xx9003,Dining Out & Takeaway,expense,FastFoods,merchant_match,high
2024-07-29,VetCare Animal Hospital,138.28,,70667.17,xx9001,Pet Expenses,expense,VetCare,merchant_match,high
2024-07-29,WineCellar,73.51,,70593.66,xx9002,Alcohol,expense,WineCellar,merchant_match,high
2024-07-29,FitnessFirst Gym,65.00,,70528.66,xx9003,Sport & Hobbies,expense,FitnessFirst,merchant_match,high
2024-07-30,FreshMart Supermarket,127.26,,70401.40,xx9003,Groceries,expense,FreshMart,merchant_match,high
2024-07-30,FuelStop Petrol,89.44,,70311.96,xx9002,Vehicle Expenses,expense,FuelStop,merchant_match,high
2024-07-31,Salary Employer A,,3200.20,73512.16,xx9001,INCOME,income,Employer A — Wage,income_match,high
2024-07-31,Salary Employer B,,2743.62,76255.78,xx9001,INCOME,income,Employer B — Wage,income_match,high
2024-07-31,Corner Grocer,18.36,,76237.42,xx9003,Groceries,expense,Corner Grocer,merchant_match,high
2024-07-31,Parking Authority,15.54,,76221.88,xx9002,Transport & Parking,expense,Parking Authority,merchant_match,high
2024-08-01,Pizza Palace,26.93,,76194.95,xx9002,Dining Out & Takeaway,expense,Pizza Palace,merchant_match,high
2024-08-01,FastFoods Drive-Thru,27.75,,76167.20,xx9001,Dining Out & Takeaway,expense,FastFoods,merchant_match,high
2024-08-01,CityRail,9.59,,76157.61,xx9002,Transport & Parking,expense,CityRail,merchant_match,high
2024-08-01,Parking Authority,16.25,,76141.36,xx9002,Transport & Parking,expense,Parking Authority,merchant_match,high
2024-08-01,PetSupplies Co,61.51,,76079.85,xx9002,Pet Expenses,expense,PetSupplies,merchant_match,high
2024-08-02,CityRail,9.26,,76070.59,xx9002,Transport & Parking,expense,CityRail,merchant_match,high
2024-08-02,Big Box Hardware,48.09,,76022.50,xx9001,Home & Garden,expense,Big Box Hardware,merchant_match,high
2024-08-02,Garden Nursery,69.85,,75952.65,xx9003,Home & Garden,expense,Garden Nursery,merchant_match,high
2024-08-03,BeanCo Coffee,13.69,,75938.96,xx9001,Dining Out & Takeaway,expense,BeanCo,merchant_match,high
2024-08-03,LocalBrewery,46.18,,75892.78,xx9001,Alcohol,expense,LocalBrewery,merchant_match,high
2024-08-04,PetSupplies Co,50.34,,75842.44,xx9003,Pet Expenses,expense,PetSupplies,merchant_match,high
2024-08-04,Big Box Hardware,89.26,,75753.18,xx9001,Home & Garden,expense,Big Box Hardware,merchant_match,high
2024-08-05,Home Loan Repayment,920.00,,74833.18,xx9001,Housing – Mortgage,expense,Home Loan,mortgage_pattern,high
2024-08-05,FuelStop Petrol,71.80,,74761.38,xx9003,Vehicle Expenses,expense,FuelStop,merchant_match,high
2024-08-05,Parking Authority,13.38,,74748.00,xx9002,Transport & Parking,expense,Parking Authority,merchant_match,high
2024-08-06,Mini Golf Co,37.71,,74710.29,xx9002,Social & Recreation,expense,Mini Golf Co,merchant_match,high
2024-08-06,OnceOff Repair,119.17,,74591.12,xx9003,One-off Expenses,expense,OnceOff Repair,merchant_match,high
2024-08-07,CityRail,10.54,,74580.58,xx9001,Transport & Parking,expense,CityRail,merchant_match,high
2024-08-07,MedCentre,63.25,,74517.33,xx9002,Medical & Health,expense,MedCentre,merchant_match,high
2024-08-08,BeanCo Coffee,10.89,,74506.44,xx9003,Dining Out & Takeaway,expense,BeanCo,merchant_match,high
2024-08-09,FastFoods Drive-Thru,16.55,,74489.89,xx9002,Dining Out & Takeaway,expense,FastFoods,merchant_match,high
2024-08-09,CityRail,10.22,,74479.67,xx9001,Transport & Parking,expense,CityRail,merchant_match,high
2024-08-09,PetSupplies Co,68.41,,74411.26,xx9002,Pet Expenses,expense,PetSupplies,merchant_match,high
2024-08-09,Beauty Spa,82.47,,74328.79,xx9001,Personal Care,expense,Beauty Spa,merchant_match,high
2024-08-10,Online Learning,45.00,,74283.79,xx9002,Education & Training,expense,Online Learning,merchant_match,high
2024-08-11,BeanCo Coffee,8.29,,74275.50,xx9001,Dining Out & Takeaway,expense,BeanCo,merchant_match,high
2024-08-11,FuelStop Petrol,102.40,,74173.10,xx9003,Vehicle Expenses,expense,FuelStop,merchant_match,high
2024-08-11,CityRail,8.26,,74164.84,xx9001,Transport & Parking,expense,CityRail,merchant_match,high
2024-08-11,LocalBrewery,27.39,,74137.45,xx9003,Alcohol,expense,LocalBrewery,merchant_match,high
2024-08-11,TechMegaStore,58.71,,74078.74,xx9003,Technology & Equipment,expense,TechMegaStore,merchant_match,high
2024-08-11,Travel Agency,689.49,,73389.25,xx9001,Holidays & Travel,expense,Travel Agency,merchant_match,high
2024-08-11,OnceOff Repair,137.27,,73251.98,xx9002,One-off Expenses,expense,OnceOff Repair,merchant_match,high
2024-08-12,Home Loan Repayment,920.00,,72331.98,xx9001,Housing – Mortgage,expense,Home Loan,mortgage_pattern,high
2024-08-12,Big Box Hardware,66.60,,72265.38,xx9003,Home & Garden,expense,Big Box Hardware,merchant_match,high
2024-08-13,Corner Grocer,47.82,,72217.56,xx9003,Groceries,expense,Corner Grocer,merchant_match,high
2024-08-13,BeanCo Coffee,12.15,,72205.41,xx9001,Dining Out & Takeaway,expense,BeanCo,merchant_match,high
2024-08-13,Pizza Palace,34.98,,72170.43,xx9002,Dining Out & Takeaway,expense,Pizza Palace,merchant_match,high
2024-08-14,Salary Employer A,,3360.22,75530.65,xx9001,INCOME,income,Employer A — Wage,income_match,high
2024-08-14,Salary Employer B,,2759.95,78290.60,xx9001,INCOME,income,Employer B — Wage,income_match,high
2024-08-14,BeanCo Coffee,9.07,,78281.53,xx9001,Dining Out & Takeaway,expense,BeanCo,merchant_match,high
2024-08-14,Garden Nursery,19.17,,78262.36,xx9001,Home & Garden,expense,Garden Nursery,merchant_match,high
2024-08-14,Beauty Spa,98.48,,78163.88,xx9002,Personal Care,expense,Beauty Spa,merchant_match,high
2024-08-15,HomeSafe Insurance,187.62,,77976.26,xx9001,Insurance,expense,HomeSafe,merchant_match,high
2024-08-15,PetSupplies Co,70.74,,77905.52,xx9003,Pet Expenses,expense,PetSupplies,merchant_match,high
2024-08-15,Fashion Outlet,85.89,,77819.63,xx9002,Clothing & Footwear,expense,Fashion Outlet,merchant_match,high
2024-08-16,CityPharmacy,6.66,,77812.97,xx9003,Medical & Health,expense,CityPharmacy,merchant_match,high
2024-08-17,FreshMart Supermarket,181.36,,77631.61,xx9002,Groceries,expense,FreshMart,merchant_match,high
2024-08-17,Australia Post,27.32,,77604.29,xx9002,Administrative & Post,expense,Australia Post,merchant_match,high
2024-08-18,FreshMart Supermarket,132.19,,77472.10,xx9002,Groceries,expense,FreshMart,merchant_match,high
2024-08-18,BeanCo Coffee,11.86,,77460.24,xx9003,Dining Out & Takeaway,expense,BeanCo,merchant_match,high
2024-08-18,CityPharmacy,29.19,,77431.05,xx9002,Medical & Health,expense,CityPharmacy,merchant_match,high
2024-08-18,Big Box Hardware,82.77,,77348.28,xx9003,Home & Garden,expense,Big Box Hardware,merchant_match,high
2024-08-18,OnceOff Repair,105.42,,77242.86,xx9002,One-off Expenses,expense,OnceOff Repair,merchant_match,high
2024-08-19,Home Loan Repayment,920.00,,76322.86,xx9001,Housing – Mortgage,expense,Home Loan,mortgage_pattern,high
2024-08-19,Parking Authority,15.30,,76307.56,xx9002,Transport & Parking,expense,Parking Authority,merchant_match,high
2024-08-20,BeanCo Coffee,11.29,,76296.27,xx9002,Dining Out & Takeaway,expense,BeanCo,merchant_match,high
2024-08-20,FastFoods Drive-Thru,11.37,,76284.90,xx9002,Dining Out & Takeaway,expense,FastFoods,merchant_match,high
2024-08-20,Parking Authority,10.85,,76274.05,xx9003,Transport & Parking,expense,Parking Authority,merchant_match,high
2024-08-20,WineCellar,31.27,,76242.78,xx9001,Alcohol,expense,WineCellar,merchant_match,high
2024-08-20,Australia Post,22.31,,76220.47,xx9001,Administrative & Post,expense,Australia Post,merchant_match,high
2024-08-21,CinemaWorld,25.65,,76194.82,xx9001,Social & Recreation,expense,CinemaWorld,merchant_match,high
2024-08-22,FastFoods Drive-Thru,20.83,,76173.99,xx9002,Dining Out & Takeaway,expense,FastFoods,merchant_match,high
2024-08-22,CityRail,5.96,,76168.03,xx9003,Transport & Parking,expense,CityRail,merchant_match,high
2024-08-22,HealthShield Insurance,226.80,,75941.23,xx9002,Insurance,expense,HealthShield,merchant_match,high
2024-08-22,MusicCloud,12.00,,75929.23,xx9002,Media Subscriptions,expense,MusicCloud,merchant_match,high
2024-08-23,Parking Authority,20.36,,75908.87,xx9003,Transport & Parking,expense,Parking Authority,merchant_match,high
2024-08-24,Pizza Palace,30.32,,75878.55,xx9002,Dining Out & Takeaway,expense,Pizza Palace,merchant_match,high
2024-08-24,PetSupplies Co,69.66,,75808.89,xx9002,Pet Expenses,expense,PetSupplies,merchant_match,high
2024-08-24,WineCellar,69.16,,75739.73,xx9001,Alcohol,expense,WineCellar,merchant_match,high
2024-08-25,Corner Grocer,37.75,,75701.98,xx9003,Groceries,expense,Corner Grocer,merchant_match,high
2024-08-25,BeanCo Coffee,14.09,,75687.89,xx9001,Dining Out & Takeaway,expense,BeanCo,merchant_match,high
2024-08-25,FastFoods Drive-Thru,21.82,,75666.07,xx9003,Dining Out & Takeaway,expense,FastFoods,merchant_match,high
2024-08-25,MedCentre,87.83,,75578.24,xx9003,Medical & Health,expense,MedCentre,merchant_match,high
2024-08-25,Garden Nursery,30.58,,75547.66,xx9003,Home & Garden,expense,Garden Nursery,merchant_match,high
2024-08-25,CinemaWorld,32.70,,75514.96,xx9003,Social & Recreation,expense,CinemaWorld,merchant_match,high
2024-08-26,Home Loan Repayment,920.00,,74594.96,xx9001,Housing – Mortgage,expense,Home Loan,mortgage_pattern,high
2024-08-26,FreshMart Supermarket,161.78,,74433.18,xx9001,Groceries,expense,FreshMart,merchant_match,high
2024-08-26,BeanCo Coffee,12.51,,74420.67,xx9002,Dining Out & Takeaway,expense,BeanCo,merchant_match,high
2024-08-26,Birthday Gift Shop,62.68,,74357.99,xx9002,Gifts,expense,Birthday Gift Shop,merchant_match,high
2024-08-27,OnceOff Repair,170.58,,74187.41,xx9003,One-off Expenses,expense,OnceOff Repair,merchant_match,high
2024-08-28,Salary Employer A,,3734.97,77922.38,xx9001,INCOME,income,Employer A — Wage,income_match,high
2024-08-28,Salary Employer B,,2887.98,80810.36,xx9001,INCOME,income,Employer B — Wage,income_match,high
2024-08-28,BeanCo Coffee,9.23,,80801.13,xx9002,Dining Out & Takeaway,expense,BeanCo,merchant_match,high
2024-08-28,FuelStop Petrol,110.90,,80690.23,xx9001,Vehicle Expenses,expense,FuelStop,merchant_match,high
2024-08-28,FibreNet Internet,85.00,,80605.23,xx9002,Communications & Internet,expense,FibreNet,merchant_match,high
2024-08-28,HealthShield Insurance,212.79,,80392.44,xx9001,Insurance,expense,HealthShield,merchant_match,high
2024-08-28,PetSupplies Co,56.29,,80336.15,xx9001,Pet Expenses,expense,PetSupplies,merchant_match,high
2024-08-29,FreshMart Supermarket,127.21,,80208.94,xx9001,Groceries,expense,FreshMart,merchant_match,high
2024-08-29,BeanCo Coffee,12.82,,80196.12,xx9002,Dining Out & Takeaway,expense,BeanCo,merchant_match,high
2024-08-29,Pizza Palace,32.22,,80163.90,xx9001,Dining Out & Takeaway,expense,Pizza Palace,merchant_match,high
2024-08-29,CityPharmacy,33.82,,80130.08,xx9003,Medical & Health,expense,CityPharmacy,merchant_match,high
2024-08-29,PetSupplies Co,28.25,,80101.83,xx9002,Pet Expenses,expense,PetSupplies,merchant_match,high
2024-08-29,ShoeStore,159.39,,79942.44,xx9002,Clothing & Footwear,expense,ShoeStore,merchant_match,high
2024-08-29,LocalBrewery,52.01,,79890.43,xx9002,Alcohol,expense,LocalBrewery,merchant_match,high
2024-08-29,Mini Golf Co,41.81,,79848.62,xx9001,Social & Recreation,expense,Mini Golf Co,merchant_match,high
2024-08-30,Corner Grocer,29.59,,79819.03,xx9003,Groceries,expense,Corner Grocer,merchant_match,high
2024-08-30,FuelStop Petrol,80.73,,79738.30,xx9001,Vehicle Expenses,expense,FuelStop,merchant_match,high
2024-08-30,WineCellar,71.45,,79666.85,xx9003,Alcohol,expense,WineCellar,merchant_match,high
2024-08-31,BeanCo Coffee,9.89,,79656.96,xx9002,Dining Out & Takeaway,expense,BeanCo,merchant_match,high
2024-08-31,CityRail,5.90,,79651.06,xx9003,Transport & Parking,expense,CityRail,merchant_match,high
2024-08-31,FibreNet Internet,85.00,,79566.06,xx9003,Communications & Internet,expense,FibreNet,merchant_match,high
2024-09-01,FreshMart Supermarket,175.72,,79390.34,xx9002,Groceries,expense,FreshMart,merchant_match,high
2024-09-01,StreamFlix,19.00,,79371.34,xx9003,Media Subscriptions,expense,StreamFlix,merchant_match,high
2024-09-02,Home Loan Repayment,920.00,,78451.34,xx9001,Housing – Mortgage,expense,Home Loan,mortgage_pattern,high
2024-09-02,BeanCo Coffee,18.39,,78432.95,xx9001,Dining Out & Takeaway,expense,BeanCo,merchant_match,high
2024-09-03,FreshMart Supermarket,123.10,,78309.85,xx9001,Groceries,expense,FreshMart,merchant_match,high
2024-09-03,FastFoods Drive-Thru,19.22,,78290.63,xx9001,Dining Out & Takeaway,expense,FastFoods,merchant_match,high
2024-09-03,Fashion Outlet,79.55,,78211.08,xx9003,Clothing & Footwear,expense,Fashion Outlet,merchant_match,high
2024-09-04,BeanCo Coffee,10.69,,78200.39,xx9001,Dining Out & Takeaway,expense,BeanCo,merchant_match,high
2024-09-04,CityRail,8.75,,78191.64,xx9003,Transport & Parking,expense,CityRail,merchant_match,high
2024-09-04,PetSupplies Co,75.34,,78116.30,xx9001,Pet Expenses,expense,PetSupplies,merchant_match,high
2024-09-04,StreamFlix,19.00,,78097.30,xx9001,Media Subscriptions,expense,StreamFlix,merchant_match,high
2024-09-05,FreshMart Supermarket,117.11,,77980.19,xx9002,Groceries,expense,FreshMart,merchant_match,high
2024-09-05,CityRail,9.55,,77970.64,xx9003,Transport & Parking,expense,CityRail,merchant_match,high
2024-09-05,Parking Authority,11.21,,77959.43,xx9001,Transport & Parking,expense,Parking Authority,merchant_match,high
2024-09-05,Big Box Hardware,119.72,,77839.71,xx9002,Home & Garden,expense,Big Box Hardware,merchant_match,high
2024-09-05,WineCellar,43.86,,77795.85,xx9001,Alcohol,expense,WineCellar,merchant_match,high
2024-09-06,CityRail,10.51,,77785.34,xx9001,Transport & Parking,expense,CityRail,merchant_match,high
2024-09-07,FreshMart Supermarket,113.26,,77672.08,xx9001,Groceries,expense,FreshMart,merchant_match,high
2024-09-07,Telco Plus Mobile,60.00,,77612.08,xx9001,Communications & Internet,expense,Telco Plus,merchant_match,high
2024-09-08,FastFoods Drive-Thru,20.30,,77591.78,xx9002,Dining Out & Takeaway,expense,FastFoods,merchant_match,high
2024-09-08,CityRail,10.06,,77581.72,xx9002,Transport & Parking,expense,CityRail,merchant_match,high
2024-09-08,CityPharmacy,31.45,,77550.27,xx9001,Medical & Health,expense,CityPharmacy,merchant_match,high
2024-09-08,Australia Post,15.08,,77535.19,xx9001,Administrative & Post,expense,Australia Post,merchant_match,high
2024-09-09,Home Loan Repayment,920.00,,76615.19,xx9001,Housing – Mortgage,expense,Home Loan,mortgage_pattern,high
2024-09-09,BeanCo Coffee,13.89,,76601.30,xx9003,Dining Out & Takeaway,expense,BeanCo,merchant_match,high
2024-09-09,Pizza Palace,17.07,,76584.23,xx9003,Dining Out & Takeaway,expense,Pizza Palace,merchant_match,high
2024-09-09,FastFoods Drive-Thru,17.49,,76566.74,xx9001,Dining Out & Takeaway,expense,FastFoods,merchant_match,high
2024-09-09,FuelStop Petrol,65.01,,76501.73,xx9001,Vehicle Expenses,expense,FuelStop,merchant_match,high
2024-09-09,PetSupplies Co,51.12,,76450.61,xx9001,Pet Expenses,expense,PetSupplies,merchant_match,high
2024-09-09,Fashion Outlet,83.60,,76367.01,xx9003,Clothing & Footwear,expense,Fashion Outlet,merchant_match,high
2024-09-09,WineCellar,51.98,,76315.03,xx9002,Alcohol,expense,WineCellar,merchant_match,high
2024-09-09,FitnessFirst Gym,65.00,,76250.03,xx9003,Sport & Hobbies,expense,FitnessFirst,merchant_match,high
2024-09-09,YogaStudio,45.00,,76205.03,xx9001,Sport & Hobbies,expense,YogaStudio,merchant_match,high
2024-09-10,FreshMart Supermarket,175.13,,76029.90,xx9002,Groceries,expense,FreshMart,merchant_match,high
2024-09-10,Pizza Palace,22.95,,76006.95,xx9002,Dining Out & Takeaway,expense,Pizza Palace,merchant_match,high
2024-09-10,FuelStop Petrol,76.11,,75930.84,xx9001,Vehicle Expenses,expense,FuelStop,merchant_match,high
2024-09-10,WineCellar,61.37,,75869.47,xx9002,Alcohol,expense,WineCellar,merchant_match,high
2024-09-11,Salary Employer A,,3430.54,79300.01,xx9001,INCOME,income,Employer A — Wage,income_match,high
2024-09-11,Salary Employer B,,3133.92,82433.93,xx9001,INCOME,income,Employer B — Wage,income_match,high
2024-09-11,Pizza Palace,33.37,,82400.56,xx9002,Dining Out & Takeaway,expense,Pizza Palace,merchant_match,high
2024-09-11,FastFoods Drive-Thru,24.44,,82376.12,xx9002,Dining Out & Takeaway,expense,FastFoods,merchant_match,high
2024-09-11,Hairdresser,52.42,,82323.70,xx9001,Personal Care,expense,Hairdresser,merchant_match,high
2024-09-12,Corner Grocer,53.79,,82269.91,xx9002,Groceries,expense,Corner Grocer,merchant_match,high
2024-09-12,BeanCo Coffee,9.71,,82260.20,xx9001,Dining Out & Takeaway,expense,BeanCo,merchant_match,high
2024-09-12,FuelStop Petrol,66.82,,82193.38,xx9001,Vehicle Expenses,expense,FuelStop,merchant_match,high
2024-09-12,StreamFlix,19.00,,82174.38,xx9003,Media Subscriptions,expense,StreamFlix,merchant_match,high
2024-09-12,Big Box Hardware,58.70,,82115.68,xx9001,Home & Garden,expense,Big Box Hardware,merchant_match,high
2024-09-13,FuelStop Petrol,109.81,,82005.87,xx9003,Vehicle Expenses,expense,FuelStop,merchant_match,high
2024-09-13,CityRail,7.82,,81998.05,xx9003,Transport & Parking,expense,CityRail,merchant_match,high
2024-09-14,CityRail,7.97,,81990.08,xx9003,Transport & Parking,expense,CityRail,merchant_match,high
2024-09-15,FreshMart Supermarket,133.95,,81856.13,xx9003,Groceries,expense,FreshMart,merchant_match,high
2024-09-15,FastFoods Drive-Thru,21.69,,81834.44,xx9002,Dining Out & Takeaway,expense,FastFoods,merchant_match,high
2024-09-15,LocalBrewery,52.73,,81781.71,xx9003,Alcohol,expense,LocalBrewery,merchant_match,high
2024-09-15,YogaStudio,45.00,,81736.71,xx9002,Sport & Hobbies,expense,YogaStudio,merchant_match,high
2024-09-15,BankFee,4.00,,81732.71,xx9001,Bank Fees,expense,BankFee,merchant_match,high
2024-09-15,Australia Post,14.70,,81718.01,xx9003,Administrative & Post,expense,Australia Post,merchant_match,high
2024-09-16,Home Loan Repayment,920.00,,80798.01,xx9001,Housing – Mortgage,expense,Home Loan,mortgage_pattern,high
2024-09-16,FreshMart Supermarket,121.36,,80676.65,xx9001,Groceries,expense,FreshMart,merchant_match,high
2024-09-16,CityRail,8.46,,80668.19,xx9002,Transport & Parking,expense,CityRail,merchant_match,high
2024-09-16,FibreNet Internet,85.00,,80583.19,xx9003,Communications & Internet,expense,FibreNet,merchant_match,high
2024-09-17,BeanCo Coffee,14.41,,80568.78,xx9002,Dining Out & Takeaway,expense,BeanCo,merchant_match,high
2024-09-17,FastFoods Drive-Thru,28.64,,80540.14,xx9002,Dining Out & Takeaway,expense,FastFoods,merchant_match,high
2024-09-17,FitnessFirst Gym,65.00,,80475.14,xx9001,Sport & Hobbies,expense,FitnessFirst,merchant_match,high
2024-09-17,Charity Foundation,25.00,,80450.14,xx9003,Donations & Charity,expense,Charity Foundation,merchant_match,high
2024-09-18,BeanCo Coffee,8.94,,80441.20,xx9001,Dining Out & Takeaway,expense,BeanCo,merchant_match,high
2024-09-18,MedCentre,119.07,,80322.13,xx9003,Medical & Health,expense,MedCentre,merchant_match,high
2024-09-19,FuelStop Petrol,79.65,,80242.48,xx9001,Vehicle Expenses,expense,FuelStop,merchant_match,high
2024-09-19,Parking Authority,13.74,,80228.74,xx9003,Transport & Parking,expense,Parking Authority,merchant_match,high
2024-09-19,HealthShield Insurance,213.25,,80015.49,xx9002,Insurance,expense,HealthShield,merchant_match,high
2024-09-19,ShoeStore,103.68,,79911.81,xx9001,Clothing & Footwear,expense,ShoeStore,merchant_match,high
2024-09-19,Australia Post,19.96,,79891.85,xx9002,Administrative & Post,expense,Australia Post,merchant_match,high
2024-09-20,FastFoods Drive-Thru,20.37,,79871.48,xx9003,Dining Out & Takeaway,expense,FastFoods,merchant_match,high
2024-09-20,CityPharmacy,21.19,,79850.29,xx9003,Medical & Health,expense,CityPharmacy,merchant_match,high
2024-09-20,Beauty Spa,114.94,,79735.35,xx9002,Personal Care,expense,Beauty Spa,merchant_match,high
2024-09-21,LocalBrewery,42.96,,79692.39,xx9002,Alcohol,expense,LocalBrewery,merchant_match,high
2024-09-22,Corner Grocer,63.47,,79628.92,xx9001,Groceries,expense,Corner Grocer,merchant_match,high
2024-09-22,BeanCo Coffee,11.68,,79617.24,xx9002,Dining Out & Takeaway,expense,BeanCo,merchant_match,high
2024-09-22,Parking Authority,14.80,,79602.44,xx9002,Transport & Parking,expense,Parking Authority,merchant_match,high
2024-09-22,HomeSafe Insurance,178.78,,79423.66,xx9003,Insurance,expense,HomeSafe,merchant_match,high
2024-09-22,WineCellar,49.04,,79374.62,xx9001,Alcohol,expense,WineCellar,merchant_match,high
2024-09-22,Australia Post,12.59,,79362.03,xx9003,Administrative & Post,expense,Australia Post,merchant_match,high
2024-09-23,Home Loan Repayment,920.00,,78442.03,xx9001,Housing – Mortgage,expense,Home Loan,mortgage_pattern,high
2024-09-23,BeanCo Coffee,9.01,,78433.02,xx9002,Dining Out & Takeaway,expense,BeanCo,merchant_match,high
2024-09-23,CityRail,6.72,,78426.30,xx9003,Transport & Parking,expense,CityRail,merchant_match,high
2024-09-23,HomeSafe Insurance,184.25,,78242.05,xx9002,Insurance,expense,HomeSafe,merchant_match,high
2024-09-23,PetSupplies Co,56.41,,78185.64,xx9002,Pet Expenses,expense,PetSupplies,merchant_match,high
2024-09-23,Fashion Outlet,93.62,,78092.02,xx9001,Clothing & Footwear,expense,Fashion Outlet,merchant_match,high
2024-09-24,Corner Grocer,56.05,,78035.97,xx9002,Groceries,expense,Corner Grocer,merchant_match,high
2024-09-24,BeanCo Coffee,16.08,,78019.89,xx9002,Dining Out & Takeaway,expense,BeanCo,merchant_match,high
2024-09-24,CinemaWorld,23.20,,77996.69,xx9003,Social & Recreation,expense,CinemaWorld,merchant_match,high
2024-09-25,Salary Employer A,,3406.28,81402.97,xx9001,INCOME,income,Employer A — Wage,income_match,high
2024-09-25,Salary Employer B,,2696.53,84099.50,xx9001,INCOME,income,Employer B — Wage,income_match,high
2024-09-25,BeanCo Coffee,3.42,,84096.08,xx9002,Dining Out & Takeaway,expense,BeanCo,merchant_match,high
2024-09-25,Pizza Palace,45.61,,84050.47,xx9003,Dining Out & Takeaway,expense,Pizza Palace,merchant_match,high
2024-09-25,CinemaWorld,31.05,,84019.42,xx9002,Social & Recreation,expense,CinemaWorld,merchant_match,high
2024-09-25,Australia Post,22.47,,83996.95,xx9001,Administrative & Post,expense,Australia Post,merchant_match,high
2024-09-26,CinemaWorld,32.25,,83964.70,xx9002,Social & Recreation,expense,CinemaWorld,merchant_match,high
2024-09-27,FreshMart Supermarket,74.77,,83889.93,xx9003,Groceries,expense,FreshMart,merchant_match,high
2024-09-27,FuelStop Petrol,91.26,,83798.67,xx9001,Vehicle Expenses,expense,FuelStop,merchant_match,high
2024-09-28,BeanCo Coffee,13.82,,83784.85,xx9003,Dining Out & Takeaway,expense,BeanCo,merchant_match,high
2024-09-28,FastFoods Drive-Thru,26.41,,83758.44,xx9002,Dining Out & Takeaway,expense,FastFoods,merchant_match,high
2024-09-28,Accounting Services,350.00,,83408.44,xx9003,Accounting & Tax,expense,Accounting Services,merchant_match,high
2024-09-29,Pizza Palace,36.09,,83372.35,xx9003,Dining Out & Takeaway,expense,Pizza Palace,merchant_match,high
2024-09-29,HomePower Utilities,274.22,,83098.13,xx9001,Utilities & Rates,expense,HomePower,merchant_match,high
2024-09-29,AutoSure Car Insurance,103.99,,82994.14,xx9003,Insurance,expense,AutoSure,merchant_match,high
2024-09-29,Big Box Hardware,70.92,,82923.22,xx9002,Home & Garden,expense,Big Box Hardware,merchant_match,high
2024-09-30,Home Loan Repayment,920.00,,82003.22,xx9001,Housing – Mortgage,expense,Home Loan,mortgage_pattern,high
2024-09-30,BeanCo Coffee,10.80,,81992.42,xx9003,Dining Out & Takeaway,expense,BeanCo,merchant_match,high
2024-10-01,FreshMart Supermarket,70.00,,81922.42,xx9001,Groceries,expense,FreshMart,merchant_match,high
2024-10-01,FastFoods Drive-Thru,19.77,,81902.65,xx9001,Dining Out & Takeaway,expense,FastFoods,merchant_match,high
2024-10-01,VetCare Animal Hospital,95.32,,81807.33,xx9003,Pet Expenses,expense,VetCare,merchant_match,high
2024-10-01,YogaStudio,45.00,,81762.33,xx9001,Sport & Hobbies,expense,YogaStudio,merchant_match,high
2024-10-01,Travel Agency,883.83,,80878.50,xx9001,Holidays & Travel,expense,Travel Agency,merchant_match,high
2024-10-02,BeanCo Coffee,5.25,,80873.25,xx9002,Dining Out & Takeaway,expense,BeanCo,merchant_match,high
2024-10-02,CityRail,7.99,,80865.26,xx9002,Transport & Parking,expense,CityRail,merchant_match,high
2024-10-02,Parking Authority,18.17,,80847.09,xx9002,Transport & Parking,expense,Parking Authority,merchant_match,high
2024-10-02,CinemaWorld,29.36,,80817.73,xx9002,Social & Recreation,expense,CinemaWorld,merchant_match,high
2024-10-03,Professional Body Membership,220.00,,80597.73,xx9003,Professional Fees & Memberships,expense,Professional Body,merchant_match,high
2024-10-04,FreshMart Supermarket,126.95,,80470.78,xx9001,Groceries,expense,FreshMart,merchant_match,high
2024-10-04,BeanCo Coffee,12.16,,80458.62,xx9002,Dining Out & Takeaway,expense,BeanCo,merchant_match,high
2024-10-04,FastFoods Drive-Thru,22.90,,80435.72,xx9001,Dining Out & Takeaway,expense,FastFoods,merchant_match,high
2024-10-04,CityRail,8.22,,80427.50,xx9003,Transport & Parking,expense,CityRail,merchant_match,high
2024-10-04,Parking Authority,11.37,,80416.13,xx9003,Transport & Parking,expense,Parking Authority,merchant_match,high
2024-10-04,WaterCorp,128.55,,80287.58,xx9003,Utilities & Rates,expense,WaterCorp,merchant_match,high
2024-10-04,CinemaWorld,28.19,,80259.39,xx9002,Social & Recreation,expense,CinemaWorld,merchant_match,high
2024-10-04,FitnessFirst Gym,65.00,,80194.39,xx9003,Sport & Hobbies,expense,FitnessFirst,merchant_match,high
2024-10-04,Hairdresser,48.05,,80146.34,xx9002,Personal Care,expense,Hairdresser,merchant_match,high
2024-10-04,Online Learning,45.00,,80101.34,xx9001,Education & Training,expense,Online Learning,merchant_match,high
2024-10-05,OnceOff Repair,65.57,,80035.77,xx9003,One-off Expenses,expense,OnceOff Repair,merchant_match,high
2024-10-06,BeanCo Coffee,17.78,,80017.99,xx9002,Dining Out & Takeaway,expense,BeanCo,merchant_match,high
2024-10-06,Fashion Outlet,61.42,,79956.57,xx9003,Clothing & Footwear,expense,Fashion Outlet,merchant_match,high
2024-10-07,Home Loan Repayment,920.00,,79036.57,xx9001,Housing – Mortgage,expense,Home Loan,mortgage_pattern,high
2024-10-07,BeanCo Coffee,13.90,,79022.67,xx9001,Dining Out & Takeaway,expense,BeanCo,merchant_match,high
2024-10-07,Charity Foundation,25.00,,78997.67,xx9002,Donations & Charity,expense,Charity Foundation,merchant_match,high
2024-10-09,Salary Employer A,,3787.51,82785.18,xx9001,INCOME,income,Employer A — Wage,income_match,high
2024-10-09,Salary Employer B,,2903.71,85688.89,xx9001,INCOME,income,Employer B — Wage,income_match,high
2024-10-09,CityPharmacy,16.05,,85672.84,xx9003,Medical & Health,expense,CityPharmacy,merchant_match,high
2024-10-09,LocalBrewery,32.07,,85640.77,xx9003,Alcohol,expense,LocalBrewery,merchant_match,high
2024-10-10,FreshMart Supermarket,119.22,,85521.55,xx9001,Groceries,expense,FreshMart,merchant_match,high
2024-10-10,Corner Grocer,61.77,,85459.78,xx9001,Groceries,expense,Corner Grocer,merchant_match,high
2024-10-10,Pizza Palace,26.72,,85433.06,xx9001,Dining Out & Takeaway,expense,Pizza Palace,merchant_match,high
2024-10-11,CinemaWorld,25.93,,85407.13,xx9003,Social & Recreation,expense,CinemaWorld,merchant_match,high
2024-10-11,BankFee,4.00,,85403.13,xx9002,Bank Fees,expense,BankFee,merchant_match,high
2024-10-12,FreshMart Supermarket,130.72,,85272.41,xx9003,Groceries,expense,FreshMart,merchant_match,high
2024-10-12,Parking Authority,15.33,,85257.08,xx9001,Transport & Parking,expense,Parking Authority,merchant_match,high
2024-10-13,FastFoods Drive-Thru,24.18,,85232.90,xx9003,Dining Out & Takeaway,expense,FastFoods,merchant_match,high
2024-10-13,AutoSure Car Insurance,101.78,,85131.12,xx9003,Insurance,expense,AutoSure,merchant_match,high
2024-10-14,Home Loan Repayment,920.00,,84211.12,xx9001,Housing – Mortgage,expense,Home Loan,mortgage_pattern,high
2024-10-14,Corner Grocer,46.37,,84164.75,xx9003,Groceries,expense,Corner Grocer,merchant_match,high
2024-10-14,BeanCo Coffee,13.03,,84151.72,xx9001,Dining Out & Takeaway,expense,BeanCo,merchant_match,high
2024-10-14,ShoeStore,106.65,,84045.07,xx9002,Clothing & Footwear,expense,ShoeStore,merchant_match,high
2024-10-15,FreshMart Supermarket,138.75,,83906.32,xx9003,Groceries,expense,FreshMart,merchant_match,high
2024-10-15,BeanCo Coffee,14.04,,83892.28,xx9001,Dining Out & Takeaway,expense,BeanCo,merchant_match,high
2024-10-15,VetCare Animal Hospital,183.59,,83708.69,xx9003,Pet Expenses,expense,VetCare,merchant_match,high
2024-10-15,WineCellar,50.12,,83658.57,xx9001,Alcohol,expense,WineCellar,merchant_match,high
2024-10-15,YogaStudio,45.00,,83613.57,xx9001,Sport & Hobbies,expense,YogaStudio,merchant_match,high
2024-10-15,Australia Post,20.10,,83593.47,xx9002,Administrative & Post,expense,Australia Post,merchant_match,high
2024-10-16,BeanCo Coffee,13.77,,83579.70,xx9003,Dining Out & Takeaway,expense,BeanCo,merchant_match,high
2024-10-16,StreamFlix,19.00,,83560.70,xx9001,Media Subscriptions,expense,StreamFlix,merchant_match,high
2024-10-16,Hairdresser,65.85,,83494.85,xx9002,Personal Care,expense,Hairdresser,merchant_match,high
2024-10-17,Australia Post,23.39,,83471.46,xx9003,Administrative & Post,expense,Australia Post,merchant_match,high
2024-10-18,FreshMart Supermarket,99.98,,83371.48,xx9002,Groceries,expense,FreshMart,merchant_match,high
2024-10-18,Pizza Palace,29.60,,83341.88,xx9003,Dining Out & Takeaway,expense,Pizza Palace,merchant_match,high
2024-10-18,WineCellar,46.14,,83295.74,xx9003,Alcohol,expense,WineCellar,merchant_match,high
2024-10-19,FreshMart Supermarket,120.60,,83175.14,xx9002,Groceries,expense,FreshMart,merchant_match,high
2024-10-19,FuelStop Petrol,79.10,,83096.04,xx9001,Vehicle Expenses,expense,FuelStop,merchant_match,high
2024-10-19,MusicCloud,12.00,,83084.04,xx9002,Media Subscriptions,expense,MusicCloud,merchant_match,high
2024-10-19,Birthday Gift Shop,71.58,,83012.46,xx9003,Gifts,expense,Birthday Gift Shop,merchant_match,high
2024-10-20,BeanCo Coffee,9.32,,83003.14,xx9002,Dining Out & Takeaway,expense,BeanCo,merchant_match,high
2024-10-20,Pizza Palace,38.69,,82964.45,xx9003,Dining Out & Takeaway,expense,Pizza Palace,merchant_match,high
2024-10-20,Birthday Gift Shop,17.38,,82947.07,xx9001,Gifts,expense,Birthday Gift Shop,merchant_match,high
2024-10-21,Home Loan Repayment,920.00,,82027.07,xx9001,Housing – Mortgage,expense,Home Loan,mortgage_pattern,high
2024-10-21,CityRail,6.86,,82020.21,xx9003,Transport & Parking,expense,CityRail,merchant_match,high
2024-10-21,HealthShield Insurance,212.02,,81808.19,xx9003,Insurance,expense,HealthShield,merchant_match,high
2024-10-21,VetCare Animal Hospital,156.54,,81651.65,xx9003,Pet Expenses,expense,VetCare,merchant_match,high
2024-10-21,Big Box Hardware,50.62,,81601.03,xx9002,Home & Garden,expense,Big Box Hardware,merchant_match,high
2024-10-22,Corner Grocer,50.20,,81550.83,xx9003,Groceries,expense,Corner Grocer,merchant_match,high
2024-10-22,FastFoods Drive-Thru,25.69,,81525.14,xx9003,Dining Out & Takeaway,expense,FastFoods,merchant_match,high
2024-10-22,FuelStop Petrol,92.72,,81432.42,xx9002,Vehicle Expenses,expense,FuelStop,merchant_match,high
2024-10-22,CityPharmacy,35.51,,81396.91,xx9003,Medical & Health,expense,CityPharmacy,merchant_match,high
2024-10-22,Big Box Hardware,50.82,,81346.09,xx9003,Home & Garden,expense,Big Box Hardware,merchant_match,high
2024-10-23,Salary Employer A,,3177.54,84523.63,xx9001,INCOME,income,Employer A — Wage,income_match,high
2024-10-23,Salary Employer B,,2742.11,87265.74,xx9001,INCOME,income,Employer B — Wage,income_match,high
2024-10-23,CityRail,7.19,,87258.55,xx9002,Transport & Parking,expense,CityRail,merchant_match,high
2024-10-23,Australia Post,12.90,,87245.65,xx9001,Administrative & Post,expense,Australia Post,merchant_match,high
2024-10-24,FreshMart Supermarket,89.64,,87156.01,xx9001,Groceries,expense,FreshMart,merchant_match,high
2024-10-24,CityRail,9.43,,87146.58,xx9002,Transport & Parking,expense,CityRail,merchant_match,high
2024-10-24,HomePower Utilities,322.47,,86824.11,xx9003,Utilities & Rates,expense,HomePower,merchant_match,high
2024-10-25,FreshMart Supermarket,108.09,,86716.02,xx9003,Groceries,expense,FreshMart,merchant_match,high
2024-10-25,BeanCo Coffee,10.32,,86705.70,xx9003,Dining Out & Takeaway,expense,BeanCo,merchant_match,high
2024-10-25,Mini Golf Co,52.85,,86652.85,xx9002,Social & Recreation,expense,Mini Golf Co,merchant_match,high
2024-10-26,FreshMart Supermarket,145.33,,86507.52,xx9003,Groceries,expense,FreshMart,merchant_match,high
2024-10-26,Corner Grocer,57.49,,86450.03,xx9001,Groceries,expense,Corner Grocer,merchant_match,high
2024-10-26,BeanCo Coffee,10.38,,86439.65,xx9002,Dining Out & Takeaway,expense,BeanCo,merchant_match,high
2024-10-26,FibreNet Internet,85.00,,86354.65,xx9003,Communications & Internet,expense,FibreNet,merchant_match,high
2024-10-26,LocalBrewery,21.87,,86332.78,xx9002,Alcohol,expense,LocalBrewery,merchant_match,high
2024-10-26,TechMegaStore,248.56,,86084.22,xx9001,Technology & Equipment,expense,TechMegaStore,merchant_match,high
2024-10-27,FastFoods Drive-Thru,23.97,,86060.25,xx9001,Dining Out & Takeaway,expense,FastFoods,merchant_match,high
2024-10-27,FuelStop Petrol,82.91,,85977.34,xx9002,Vehicle Expenses,expense,FuelStop,merchant_match,high
2024-10-28,Home Loan Repayment,920.00,,85057.34,xx9001,Housing – Mortgage,expense,Home Loan,mortgage_pattern,high
2024-10-28,FuelStop Petrol,84.15,,84973.19,xx9002,Vehicle Expenses,expense,FuelStop,merchant_match,high
2024-10-28,Garden Nursery,12.25,,84960.94,xx9001,Home & Garden,expense,Garden Nursery,merchant_match,high
2024-10-28,WineCellar,57.69,,84903.25,xx9002,Alcohol,expense,WineCellar,merchant_match,high
2024-10-29,CityRail,6.84,,84896.41,xx9001,Transport & Parking,expense,CityRail,merchant_match,high
2024-10-30,FastFoods Drive-Thru,26.45,,84869.96,xx9002,Dining Out & Takeaway,expense,FastFoods,merchant_match,high
2024-10-30,AutoSure Car Insurance,107.00,,84762.96,xx9002,Insurance,expense,AutoSure,merchant_match,high
2024-10-31,CityRail,5.46,,84757.50,xx9001,Transport & Parking,expense,CityRail,merchant_match,high
2024-10-31,ShoeStore,72.33,,84685.17,xx9003,Clothing & Footwear,expense,ShoeStore,merchant_match,high
2024-10-31,CinemaWorld,42.63,,84642.54,xx9001,Social & Recreation,expense,CinemaWorld,merchant_match,high
2024-11-01,FreshMart Supermarket,112.56,,84529.98,xx9002,Groceries,expense,FreshMart,merchant_match,high
2024-11-01,BeanCo Coffee,13.12,,84516.86,xx9003,Dining Out & Takeaway,expense,BeanCo,merchant_match,high
2024-11-01,Parking Authority,9.34,,84507.52,xx9003,Transport & Parking,expense,Parking Authority,merchant_match,high
2024-11-01,AutoSure Car Insurance,95.15,,84412.37,xx9002,Insurance,expense,AutoSure,merchant_match,high
2024-11-01,HomeSafe Insurance,188.37,,84224.00,xx9002,Insurance,expense,HomeSafe,merchant_match,high
2024-11-02,BeanCo Coffee,9.22,,84214.78,xx9001,Dining Out & Takeaway,expense,BeanCo,merchant_match,high
2024-11-03,FreshMart Supermarket,89.26,,84125.52,xx9001,Groceries,expense,FreshMart,merchant_match,high
2024-11-03,FuelStop Petrol,83.28,,84042.24,xx9003,Vehicle Expenses,expense,FuelStop,merchant_match,high
2024-11-04,Home Loan Repayment,920.00,,83122.24,xx9001,Housing – Mortgage,expense,Home Loan,mortgage_pattern,high
2024-11-04,BeanCo Coffee,11.61,,83110.63,xx9003,Dining Out & Takeaway,expense,BeanCo,merchant_match,high
2024-11-04,Pizza Palace,26.51,,83084.12,xx9003,Dining Out & Takeaway,expense,Pizza Palace,merchant_match,high
2024-11-04,CityRail,7.91,,83076.21,xx9003,Transport & Parking,expense,CityRail,merchant_match,high
2024-11-04,HealthShield Insurance,229.19,,82847.02,xx9002,Insurance,expense,HealthShield,merchant_match,high
2024-11-04,Birthday Gift Shop,103.38,,82743.64,xx9003,Gifts,expense,Birthday Gift Shop,merchant_match,high
2024-11-05,BeanCo Coffee,15.92,,82727.72,xx9002,Dining Out & Takeaway,expense,BeanCo,merchant_match,high
2024-11-05,BookworldOnline,16.00,,82711.72,xx9003,Media Subscriptions,expense,BookworldOnline,merchant_match,high
2024-11-06,Salary Employer A,,3235.66,85947.38,xx9001,INCOME,income,Employer A — Wage,income_match,high
2024-11-06,Salary Employer B,,2514.54,88461.92,xx9001,INCOME,income,Employer B — Wage,income_match,high
2024-11-06,CityRail,9.02,,88452.90,xx9003,Transport & Parking,expense,CityRail,merchant_match,high
2024-11-08,FreshMart Supermarket,123.34,,88329.56,xx9002,Groceries,expense,FreshMart,merchant_match,high
2024-11-08,Big Box Hardware,91.61,,88237.95,xx9003,Home & Garden,expense,Big Box Hardware,merchant_match,high
2024-11-08,Garden Nursery,65.53,,88172.42,xx9003,Home & Garden,expense,Garden Nursery,merchant_match,high
2024-11-08,Australia Post,1.86,,88170.56,xx9001,Administrative & Post,expense,Australia Post,merchant_match,high
2024-11-09,FuelStop Petrol,87.33,,88083.23,xx9001,Vehicle Expenses,expense,FuelStop,merchant_match,high
2024-11-09,CityRail,12.16,,88071.07,xx9001,Transport & Parking,expense,CityRail,merchant_match,high
2024-11-09,HomePower Utilities,276.79,,87794.28,xx9002,Utilities & Rates,expense,HomePower,merchant_match,high
2024-11-10,YogaStudio,45.00,,87749.28,xx9002,Sport & Hobbies,expense,YogaStudio,merchant_match,high
2024-11-11,Home Loan Repayment,920.00,,86829.28,xx9001,Housing – Mortgage,expense,Home Loan,mortgage_pattern,high
2024-11-11,FastFoods Drive-Thru,22.89,,86806.39,xx9001,Dining Out & Takeaway,expense,FastFoods,merchant_match,high
2024-11-11,HealthShield Insurance,237.75,,86568.64,xx9001,Insurance,expense,HealthShield,merchant_match,high
2024-11-11,WineCellar,48.52,,86520.12,xx9002,Alcohol,expense,WineCellar,merchant_match,high
2024-11-11,FitnessFirst Gym,65.00,,86455.12,xx9001,Sport & Hobbies,expense,FitnessFirst,merchant_match,high
2024-11-11,Beauty Spa,110.40,,86344.72,xx9001,Personal Care,expense,Beauty Spa,merchant_match,high
2024-11-12,Corner Grocer,32.50,,86312.22,xx9001,Groceries,expense,Corner Grocer,merchant_match,high
2024-11-12,FuelStop Petrol,94.28,,86217.94,xx9002,Vehicle Expenses,expense,FuelStop,merchant_match,high
2024-11-12,CityRail,9.21,,86208.73,xx9001,Transport & Parking,expense,CityRail,merchant_match,high
2024-11-12,MedCentre,76.31,,86132.42,xx9003,Medical & Health,expense,MedCentre,merchant_match,high
2024-11-13,FuelStop Petrol,78.47,,86053.95,xx9001,Vehicle Expenses,expense,FuelStop,merchant_match,high
2024-11-13,HealthShield Insurance,223.40,,85830.55,xx9002,Insurance,expense,HealthShield,merchant_match,high
2024-11-13,MusicCloud,12.00,,85818.55,xx9003,Media Subscriptions,expense,MusicCloud,merchant_match,high
2024-11-14,Pizza Palace,41.00,,85777.55,xx9003,Dining Out & Takeaway,expense,Pizza Palace,merchant_match,high
2024-11-14,HomePower Utilities,285.29,,85492.26,xx9002,Utilities & Rates,expense,HomePower,merchant_match,high
2024-11-14,Charity Foundation,25.00,,85467.26,xx9001,Donations & Charity,expense,Charity Foundation,merchant_match,high
2024-11-15,BeanCo Coffee,13.86,,85453.40,xx9003,Dining Out & Takeaway,expense,BeanCo,merchant_match,high
2024-11-15,Mini Golf Co,41.94,,85411.46,xx9003,Social & Recreation,expense,Mini Golf Co,merchant_match,high
2024-11-16,FreshMart Supermarket,74.49,,85336.97,xx9002,Groceries,expense,FreshMart,merchant_match,high
2024-11-16,FastFoods Drive-Thru,9.25,,85327.72,xx9003,Dining Out & Takeaway,expense,FastFoods,merchant_match,high
2024-11-16,AutoSure Car Insurance,107.22,,85220.50,xx9002,Insurance,expense,AutoSure,merchant_match,high
2024-11-16,MedCentre,139.89,,85080.61,xx9003,Medical & Health,expense,MedCentre,merchant_match,high
2024-11-17,Corner Grocer,30.60,,85050.01,xx9001,Groceries,expense,Corner Grocer,merchant_match,high
2024-11-17,CityRail,8.63,,85041.38,xx9003,Transport & Parking,expense,CityRail,merchant_match,high
2024-11-17,BookworldOnline,16.00,,85025.38,xx9003,Media Subscriptions,expense,BookworldOnline,merchant_match,high
2024-11-17,Garden Nursery,13.48,,85011.90,xx9001,Home & Garden,expense,Garden Nursery,merchant_match,high
2024-11-18,Home Loan Repayment,920.00,,84091.90,xx9001,Housing – Mortgage,expense,Home Loan,mortgage_pattern,high
2024-11-18,BeanCo Coffee,9.37,,84082.53,xx9003,Dining Out & Takeaway,expense,BeanCo,merchant_match,high
2024-11-18,FastFoods Drive-Thru,32.46,,84050.07,xx9003,Dining Out & Takeaway,expense,FastFoods,merchant_match,high
2024-11-18,MedCentre,99.30,,83950.77,xx9003,Medical & Health,expense,MedCentre,merchant_match,high
2024-11-19,FreshMart Supermarket,124.45,,83826.32,xx9002,Groceries,expense,FreshMart,merchant_match,high
2024-11-19,BeanCo Coffee,12.47,,83813.85,xx9003,Dining Out & Takeaway,expense,BeanCo,merchant_match,high
2024-11-19,FastFoods Drive-Thru,23.74,,83790.11,xx9003,Dining Out & Takeaway,expense,FastFoods,merchant_match,high
2024-11-19,CityRail,10.88,,83779.23,xx9003,Transport & Parking,expense,CityRail,merchant_match,high
2024-11-19,WineCellar,56.72,,83722.51,xx9002,Alcohol,expense,WineCellar,merchant_match,high
2024-11-20,Salary Employer A,,3323.42,87045.93,xx9001,INCOME,income,Employer A — Wage,income_match,high
2024-11-20,Salary Employer B,,2942.98,89988.91,xx9001,INCOME,income,Employer B — Wage,income_match,high
2024-11-20,BeanCo Coffee,15.68,,89973.23,xx9001,Dining Out & Takeaway,expense,BeanCo,merchant_match,high
2024-11-20,Australia Post,19.96,,89953.27,xx9001,Administrative & Post,expense,Australia Post,merchant_match,high
2024-11-21,FuelStop Petrol,104.51,,89848.76,xx9003,Vehicle Expenses,expense,FuelStop,merchant_match,high
2024-11-21,CityPharmacy,38.80,,89809.96,xx9001,Medical & Health,expense,CityPharmacy,merchant_match,high
2024-11-21,BankFee,4.00,,89805.96,xx9001,Bank Fees,expense,BankFee,merchant_match,high
2024-11-22,Corner Grocer,36.70,,89769.26,xx9002,Groceries,expense,Corner Grocer,merchant_match,high
2024-11-22,HomePower Utilities,257.02,,89512.24,xx9001,Utilities & Rates,expense,HomePower,merchant_match,high
2024-11-22,Council Rates,452.71,,89059.53,xx9001,Utilities & Rates,expense,Council Rates,merchant_match,high
2024-11-22,Telco Plus Mobile,60.00,,88999.53,xx9003,Communications & Internet,expense,Telco Plus,merchant_match,high
2024-11-22,FibreNet Internet,85.00,,88914.53,xx9001,Communications & Internet,expense,FibreNet,merchant_match,high
2024-11-23,Pizza Palace,20.10,,88894.43,xx9001,Dining Out & Takeaway,expense,Pizza Palace,merchant_match,high
2024-11-23,FuelStop Petrol,94.89,,88799.54,xx9003,Vehicle Expenses,expense,FuelStop,merchant_match,high
2024-11-24,Parking Authority,13.52,,88786.02,xx9002,Transport & Parking,expense,Parking Authority,merchant_match,high
2024-11-24,Australia Post,7.46,,88778.56,xx9001,Administrative & Post,expense,Australia Post,merchant_match,high
2024-11-25,Home Loan Repayment,920.00,,87858.56,xx9001,Housing – Mortgage,expense,Home Loan,mortgage_pattern,high
2024-11-25,BeanCo Coffee,4.24,,87854.32,xx9001,Dining Out & Takeaway,expense,BeanCo,merchant_match,high
2024-11-25,WaterCorp,120.99,,87733.33,xx9001,Utilities & Rates,expense,WaterCorp,merchant_match,high
2024-11-26,BeanCo Coffee,13.50,,87719.83,xx9003,Dining Out & Takeaway,expense,BeanCo,merchant_match,high
2024-11-27,FreshMart Supermarket,99.99,,87619.84,xx9003,Groceries,expense,FreshMart,merchant_match,high
2024-11-27,HomePower Utilities,267.79,,87352.05,xx9003,Utilities & Rates,expense,HomePower,merchant_match,high
2024-11-27,YogaStudio,45.00,,87307.05,xx9001,Sport & Hobbies,expense,YogaStudio,merchant_match,high
2024-11-27,Australia Post,25.09,,87281.96,xx9002,Administrative & Post,expense,Australia Post,merchant_match,high
2024-11-28,BeanCo Coffee,8.85,,87273.11,xx9003,Dining Out & Takeaway,expense,BeanCo,merchant_match,high
2024-11-28,Pizza Palace,29.82,,87243.29,xx9001,Dining Out & Takeaway,expense,Pizza Palace,merchant_match,high
2024-11-28,HealthShield Insurance,227.96,,87015.33,xx9003,Insurance,expense,HealthShield,merchant_match,high
2024-11-28,LocalBrewery,39.63,,86975.70,xx9002,Alcohol,expense,LocalBrewery,merchant_match,high
2024-11-29,HealthShield Insurance,217.59,,86758.11,xx9002,Insurance,expense,HealthShield,merchant_match,high
2024-11-29,VetCare Animal Hospital,121.09,,86637.02,xx9003,Pet Expenses,expense,VetCare,merchant_match,high
2024-11-29,Big Box Hardware,37.09,,86599.93,xx9003,Home & Garden,expense,Big Box Hardware,merchant_match,high
2024-11-29,Australia Post,16.99,,86582.94,xx9001,Administrative & Post,expense,Australia Post,merchant_match,high
2024-11-30,CityRail,6.40,,86576.54,xx9001,Transport & Parking,expense,CityRail,merchant_match,high
2024-11-30,CityPharmacy,32.91,,86543.63,xx9001,Medical & Health,expense,CityPharmacy,merchant_match,high
2024-11-30,Garden Nursery,16.66,,86526.97,xx9003,Home & Garden,expense,Garden Nursery,merchant_match,high
2024-12-01,BeanCo Coffee,14.59,,86512.38,xx9001,Dining Out & Takeaway,expense,BeanCo,merchant_match,high
2024-12-01,FuelStop Petrol,76.12,,86436.26,xx9002,Vehicle Expenses,expense,FuelStop,merchant_match,high
2024-12-01,CityRail,12.51,,86423.75,xx9003,Transport & Parking,expense,CityRail,merchant_match,high
2024-12-01,CityPharmacy,19.74,,86404.01,xx9002,Medical & Health,expense,CityPharmacy,merchant_match,high
2024-12-02,Home Loan Repayment,920.00,,85484.01,xx9001,Housing – Mortgage,expense,Home Loan,mortgage_pattern,high
2024-12-02,FastFoods Drive-Thru,33.91,,85450.10,xx9003,Dining Out & Takeaway,expense,FastFoods,merchant_match,high
2024-12-02,AutoSure Car Insurance,104.87,,85345.23,xx9003,Insurance,expense,AutoSure,merchant_match,high
2024-12-02,CityPharmacy,25.84,,85319.39,xx9003,Medical & Health,expense,CityPharmacy,merchant_match,high
2024-12-03,FreshMart Supermarket,128.85,,85190.54,xx9003,Groceries,expense,FreshMart,merchant_match,high
2024-12-03,BeanCo Coffee,14.30,,85176.24,xx9003,Dining Out & Takeaway,expense,BeanCo,merchant_match,high
2024-12-03,CityRail,8.08,,85168.16,xx9002,Transport & Parking,expense,CityRail,merchant_match,high
2024-12-03,Hairdresser,40.23,,85127.93,xx9003,Personal Care,expense,Hairdresser,merchant_match,high
2024-12-04,Salary Employer A,,3172.22,88300.15,xx9001,INCOME,income,Employer A — Wage,income_match,high
2024-12-04,Salary Employer B,,2724.03,91024.18,xx9001,INCOME,income,Employer B — Wage,income_match,high
2024-12-04,CityRail,8.04,,91016.14,xx9002,Transport & Parking,expense,CityRail,merchant_match,high
2024-12-04,Parking Authority,18.44,,90997.70,xx9002,Transport & Parking,expense,Parking Authority,merchant_match,high
2024-12-04,StreamFlix,19.00,,90978.70,xx9003,Media Subscriptions,expense,StreamFlix,merchant_match,high
2024-12-04,ShoeStore,120.17,,90858.53,xx9001,Clothing & Footwear,expense,ShoeStore,merchant_match,high
2024-12-04,Australia Post,13.08,,90845.45,xx9003,Administrative & Post,expense,Australia Post,merchant_match,high
2024-12-05,BeanCo Coffee,14.90,,90830.55,xx9003,Dining Out & Takeaway,expense,BeanCo,merchant_match,high
2024-12-05,FastFoods Drive-Thru,23.41,,90807.14,xx9002,Dining Out & Takeaway,expense,FastFoods,merchant_match,high
2024-12-05,Parking Authority,15.29,,90791.85,xx9001,Transport & Parking,expense,Parking Authority,merchant_match,high
2024-12-05,Council Rates,443.03,,90348.82,xx9003,Utilities & Rates,expense,Council Rates,merchant_match,high
2024-12-06,FreshMart Supermarket,132.54,,90216.28,xx9003,Groceries,expense,FreshMart,merchant_match,high
2024-12-06,BeanCo Coffee,11.48,,90204.80,xx9002,Dining Out & Takeaway,expense,BeanCo,merchant_match,high
2024-12-06,CityRail,9.32,,90195.48,xx9002,Transport & Parking,expense,CityRail,merchant_match,high
2024-12-06,HomeSafe Insurance,179.74,,90015.74,xx9001,Insurance,expense,HomeSafe,merchant_match,high
2024-12-06,MusicCloud,12.00,,90003.74,xx9002,Media Subscriptions,expense,MusicCloud,merchant_match,high
2024-12-07,FreshMart Supermarket,127.24,,89876.50,xx9001,Groceries,expense,FreshMart,merchant_match,high
2024-12-07,BeanCo Coffee,15.81,,89860.69,xx9001,Dining Out & Takeaway,expense,BeanCo,merchant_match,high
2024-12-09,Home Loan Repayment,920.00,,88940.69,xx9001,Housing – Mortgage,expense,Home Loan,mortgage_pattern,high
2024-12-09,FastFoods Drive-Thru,22.26,,88918.43,xx9002,Dining Out & Takeaway,expense,FastFoods,merchant_match,high
2024-12-09,CityRail,8.23,,88910.20,xx9002,Transport & Parking,expense,CityRail,merchant_match,high
2024-12-10,FastFoods Drive-Thru,10.74,,88899.46,xx9002,Dining Out & Takeaway,expense,FastFoods,merchant_match,high
2024-12-10,FuelStop Petrol,63.79,,88835.67,xx9001,Vehicle Expenses,expense,FuelStop,merchant_match,high
2024-12-10,HomeSafe Insurance,201.79,,88633.88,xx9001,Insurance,expense,HomeSafe,merchant_match,high
2024-12-10,Fashion Outlet,152.67,,88481.21,xx9003,Clothing & Footwear,expense,Fashion Outlet,merchant_match,high
2024-12-11,BeanCo Coffee,16.35,,88464.86,xx9002,Dining Out & Takeaway,expense,BeanCo,merchant_match,high
2024-12-11,HomePower Utilities,247.33,,88217.53,xx9002,Utilities & Rates,expense,HomePower,merchant_match,high
2024-12-11,Fashion Outlet,66.18,,88151.35,xx9002,Clothing & Footwear,expense,Fashion Outlet,merchant_match,high
2024-12-12,Pizza Palace,39.26,,88112.09,xx9001,Dining Out & Takeaway,expense,Pizza Palace,merchant_match,high
2024-12-12,HomePower Utilities,311.46,,87800.63,xx9002,Utilities & Rates,expense,HomePower,merchant_match,high
2024-12-12,VetCare Animal Hospital,121.82,,87678.81,xx9002,Pet Expenses,expense,VetCare,merchant_match,high
2024-12-13,FreshMart Supermarket,117.17,,87561.64,xx9001,Groceries,expense,FreshMart,merchant_match,high
2024-12-13,HomePower Utilities,289.14,,87272.50,xx9002,Utilities & Rates,expense,HomePower,merchant_match,high
2024-12-13,CityPharmacy,22.96,,87249.54,xx9002,Medical & Health,expense,CityPharmacy,merchant_match,high
2024-12-14,FastFoods Drive-Thru,27.06,,87222.48,xx9002,Dining Out & Takeaway,expense,FastFoods,merchant_match,high
2024-12-14,HealthShield Insurance,235.26,,86987.22,xx9001,Insurance,expense,HealthShield,merchant_match,high
2024-12-14,Big Box Hardware,48.55,,86938.67,xx9001,Home & Garden,expense,Big Box Hardware,merchant_match,high
2024-12-15,CityRail,11.61,,86927.06,xx9001,Transport & Parking,expense,CityRail,merchant_match,high
2024-12-15,Telco Plus Mobile,60.00,,86867.06,xx9003,Communications & Internet,expense,Telco Plus,merchant_match,high
2024-12-15,FitnessFirst Gym,65.00,,86802.06,xx9002,Sport & Hobbies,expense,FitnessFirst,merchant_match,high
2024-12-16,Home Loan Repayment,920.00,,85882.06,xx9001,Housing – Mortgage,expense,Home Loan,mortgage_pattern,high
2024-12-16,BeanCo Coffee,10.26,,85871.80,xx9003,Dining Out & Takeaway,expense,BeanCo,merchant_match,high
2024-12-16,FuelStop Petrol,84.34,,85787.46,xx9001,Vehicle Expenses,expense,FuelStop,merchant_match,high
2024-12-16,Beauty Spa,90.13,,85697.33,xx9003,Personal Care,expense,Beauty Spa,merchant_match,high
2024-12-16,Australia Post,22.95,,85674.38,xx9001,Administrative & Post,expense,Australia Post,merchant_match,high
2024-12-17,Corner Grocer,52.10,,85622.28,xx9001,Groceries,expense,Corner Grocer,merchant_match,high
2024-12-17,CityRail,9.50,,85612.78,xx9003,Transport & Parking,expense,CityRail,merchant_match,high
2024-12-17,CityPharmacy,31.17,,85581.61,xx9002,Medical & Health,expense,CityPharmacy,merchant_match,high
2024-12-18,Salary Employer A,,3317.67,88899.28,xx9001,INCOME,income,Employer A — Wage,income_match,high
2024-12-18,Salary Employer B,,2896.33,91795.61,xx9001,INCOME,income,Employer B — Wage,income_match,high
2024-12-18,FreshMart Supermarket,129.31,,91666.30,xx9002,Groceries,expense,FreshMart,merchant_match,high
2024-12-18,Big Box Hardware,80.91,,91585.39,xx9002,Home & Garden,expense,Big Box Hardware,merchant_match,high
2024-12-18,Australia Post,15.43,,91569.96,xx9001,Administrative & Post,expense,Australia Post,merchant_match,high
2024-12-20,FreshMart Supermarket,116.91,,91453.05,xx9002,Groceries,expense,FreshMart,merchant_match,high
2024-12-20,BeanCo Coffee,10.42,,91442.63,xx9002,Dining Out & Takeaway,expense,BeanCo,merchant_match,high
2024-12-20,CinemaWorld,34.89,,91407.74,xx9001,Social & Recreation,expense,CinemaWorld,merchant_match,high
2024-12-21,BeanCo Coffee,10.08,,91397.66,xx9001,Dining Out & Takeaway,expense,BeanCo,merchant_match,high
2024-12-22,Pizza Palace,21.46,,91376.20,xx9003,Dining Out & Takeaway,expense,Pizza Palace,merchant_match,high
2024-12-22,FuelStop Petrol,86.90,,91289.30,xx9002,Vehicle Expenses,expense,FuelStop,merchant_match,high
2024-12-22,CityRail,12.11,,91277.19,xx9002,Transport & Parking,expense,CityRail,merchant_match,high
2024-12-22,PetSupplies Co,66.98,,91210.21,xx9001,Pet Expenses,expense,PetSupplies,merchant_match,high
2024-12-23,Home Loan Repayment,920.00,,90290.21,xx9001,Housing – Mortgage,expense,Home Loan,mortgage_pattern,high
2024-12-24,Corner Grocer,45.64,,90244.57,xx9001,Groceries,expense,Corner Grocer,merchant_match,high
2024-12-24,BeanCo Coffee,8.56,,90236.01,xx9001,Dining Out & Takeaway,expense,BeanCo,merchant_match,high
2024-12-24,Parking Authority,14.29,,90221.72,xx9003,Transport & Parking,expense,Parking Authority,merchant_match,high
2024-12-24,Garden Nursery,70.51,,90151.21,xx9002,Home & Garden,expense,Garden Nursery,merchant_match,high
2024-12-25,FreshMart Supermarket,82.02,,90069.19,xx9003,Groceries,expense,FreshMart,merchant_match,high
2024-12-25,BeanCo Coffee,13.60,,90055.59,xx9001,Dining Out & Takeaway,expense,BeanCo,merchant_match,high
2024-12-25,StreamFlix,19.00,,90036.59,xx9001,Media Subscriptions,expense,StreamFlix,merchant_match,high
2024-12-25,Beauty Spa,69.39,,89967.20,xx9002,Personal Care,expense,Beauty Spa,merchant_match,high
2024-12-25,OnceOff Repair,35.94,,89931.26,xx9003,One-off Expenses,expense,OnceOff Repair,merchant_match,high
2024-12-26,CityRail,8.55,,89922.71,xx9001,Transport & Parking,expense,CityRail,merchant_match,high
2024-12-26,CinemaWorld,26.68,,89896.03,xx9003,Social & Recreation,expense,CinemaWorld,merchant_match,high
2024-12-27,BeanCo Coffee,15.76,,89880.27,xx9002,Dining Out & Takeaway,expense,BeanCo,merchant_match,high
2024-12-27,HomePower Utilities,239.41,,89640.86,xx9002,Utilities & Rates,expense,HomePower,merchant_match,high
2024-12-27,MusicCloud,12.00,,89628.86,xx9002,Media Subscriptions,expense,MusicCloud,merchant_match,high
2024-12-28,Mini Golf Co,31.15,,89597.71,xx9002,Social & Recreation,expense,Mini Golf Co,merchant_match,high
2024-12-29,BeanCo Coffee,15.01,,89582.70,xx9001,Dining Out & Takeaway,expense,BeanCo,merchant_match,high
2024-12-29,Fashion Outlet,92.34,,89490.36,xx9003,Clothing & Footwear,expense,Fashion Outlet,merchant_match,high
2024-12-30,Home Loan Repayment,920.00,,88570.36,xx9001,Housing – Mortgage,expense,Home Loan,mortgage_pattern,high
2024-12-30,Parking Authority,10.13,,88560.23,xx9001,Transport & Parking,expense,Parking Authority,merchant_match,high
2024-12-30,PetSupplies Co,43.81,,88516.42,xx9003,Pet Expenses,expense,PetSupplies,merchant_match,high
2024-12-30,BookworldOnline,16.00,,88500.42,xx9003,Media Subscriptions,expense,BookworldOnline,merchant_match,high
2024-12-30,WineCellar,29.06,,88471.36,xx9002,Alcohol,expense,WineCellar,merchant_match,high
2024-12-30,Beauty Spa,86.07,,88385.29,xx9003,Personal Care,expense,Beauty Spa,merchant_match,high
2024-12-31,Corner Grocer,49.69,,88335.60,xx9001,Groceries,expense,Corner Grocer,merchant_match,high
2024-12-31,BeanCo Coffee,19.41,,88316.19,xx9002,Dining Out & Takeaway,expense,BeanCo,merchant_match,high
2024-12-31,CityRail,5.81,,88310.38,xx9003,Transport & Parking,expense,CityRail,merchant_match,high
2024-12-31,CinemaWorld,20.93,,88289.45,xx9002,Social & Recreation,expense,CinemaWorld,merchant_match,high
2025-01-01,Salary Employer A,,3325.22,91614.67,xx9001,INCOME,income,Employer A — Wage,income_match,high
2025-01-01,Salary Employer B,,3033.13,94647.80,xx9001,INCOME,income,Employer B — Wage,income_match,high
2025-01-01,CityRail,8.13,,94639.67,xx9002,Transport & Parking,expense,CityRail,merchant_match,high
2025-01-01,WineCellar,60.55,,94579.12,xx9002,Alcohol,expense,WineCellar,merchant_match,high
2025-01-02,FastFoods Drive-Thru,21.84,,94557.28,xx9003,Dining Out & Takeaway,expense,FastFoods,merchant_match,high
2025-01-02,CinemaWorld,29.01,,94528.27,xx9002,Social & Recreation,expense,CinemaWorld,merchant_match,high
2025-01-03,CityRail,8.49,,94519.78,xx9002,Transport & Parking,expense,CityRail,merchant_match,high
2025-01-03,VetCare Animal Hospital,96.23,,94423.55,xx9001,Pet Expenses,expense,VetCare,merchant_match,high
2025-01-03,Charity Foundation,25.00,,94398.55,xx9001,Donations & Charity,expense,Charity Foundation,merchant_match,high
2025-01-03,Australia Post,20.67,,94377.88,xx9002,Administrative & Post,expense,Australia Post,merchant_match,high
2025-01-04,Pizza Palace,36.75,,94341.13,xx9003,Dining Out & Takeaway,expense,Pizza Palace,merchant_match,high
2025-01-04,Parking Authority,21.79,,94319.34,xx9001,Transport & Parking,expense,Parking Authority,merchant_match,high
2025-01-05,PetSupplies Co,70.27,,94249.07,xx9003,Pet Expenses,expense,PetSupplies,merchant_match,high
2025-01-05,WineCellar,38.71,,94210.36,xx9002,Alcohol,expense,WineCellar,merchant_match,high
2025-01-06,Home Loan Repayment,920.00,,93290.36,xx9001,Housing – Mortgage,expense,Home Loan,mortgage_pattern,high
2025-01-06,FreshMart Supermarket,173.42,,93116.94,xx9003,Groceries,expense,FreshMart,merchant_match,high
2025-01-06,BeanCo Coffee,6.11,,93110.83,xx9003,Dining Out & Takeaway,expense,BeanCo,merchant_match,high
2025-01-06,FastFoods Drive-Thru,17.09,,93093.74,xx9003,Dining Out & Takeaway,expense,FastFoods,merchant_match,high
2025-01-06,FuelStop Petrol,75.26,,93018.48,xx9001,Vehicle Expenses,expense,FuelStop,merchant_match,high
2025-01-06,CityRail,6.19,,93012.29,xx9002,Transport & Parking,expense,CityRail,merchant_match,high
2025-01-06,Big Box Hardware,104.91,,92907.38,xx9001,Home & Garden,expense,Big Box Hardware,merchant_match,high
2025-01-06,FitnessFirst Gym,65.00,,92842.38,xx9001,Sport & Hobbies,expense,FitnessFirst,merchant_match,high
2025-01-07,FreshMart Supermarket,141.07,,92701.31,xx9001,Groceries,expense,FreshMart,merchant_match,high
2025-01-07,Corner Grocer,59.41,,92641.90,xx9002,Groceries,expense,Corner Grocer,merchant_match,high
2025-01-07,Pizza Palace,36.87,,92605.03,xx9003,Dining Out & Takeaway,expense,Pizza Palace,merchant_match,high
2025-01-07,FastFoods Drive-Thru,18.74,,92586.29,xx9001,Dining Out & Takeaway,expense,FastFoods,merchant_match,high
2025-01-07,CityRail,12.35,,92573.94,xx9003,Transport & Parking,expense,CityRail,merchant_match,high
2025-01-07,Council Rates,429.38,,92144.56,xx9001,Utilities & Rates,expense,Council Rates,merchant_match,high
2025-01-07,LocalBrewery,40.21,,92104.35,xx9003,Alcohol,expense,LocalBrewery,merchant_match,high
2025-01-07,CinemaWorld,22.48,,92081.87,xx9002,Social & Recreation,expense,CinemaWorld,merchant_match,high
2025-01-07,Charity Foundation,25.00,,92056.87,xx9002,Donations & Charity,expense,Charity Foundation,merchant_match,high
2025-01-07,Australia Post,14.59,,92042.28,xx9003,Administrative & Post,expense,Australia Post,merchant_match,high
2025-01-08,FreshMart Supermarket,117.79,,91924.49,xx9002,Groceries,expense,FreshMart,merchant_match,high
2025-01-08,FastFoods Drive-Thru,19.40,,91905.09,xx9002,Dining Out & Takeaway,expense,FastFoods,merchant_match,high
2025-01-08,FuelStop Petrol,91.06,,91814.03,xx9001,Vehicle Expenses,expense,FuelStop,merchant_match,high
2025-01-09,FreshMart Supermarket,130.59,,91683.44,xx9002,Groceries,expense,FreshMart,merchant_match,high
2025-01-09,Corner Grocer,55.52,,91627.92,xx9002,Groceries,expense,Corner Grocer,merchant_match,high
2025-01-09,Pizza Palace,29.69,,91598.23,xx9003,Dining Out & Takeaway,expense,Pizza Palace,merchant_match,high
2025-01-09,FastFoods Drive-Thru,16.77,,91581.46,xx9002,Dining Out & Takeaway,expense,FastFoods,merchant_match,high
2025-01-09,BankFee,4.00,,91577.46,xx9003,Bank Fees,expense,BankFee,merchant_match,high
2025-01-10,FreshMart Supermarket,115.37,,91462.09,xx9003,Groceries,expense,FreshMart,merchant_match,high
2025-01-10,LocalBrewery,31.62,,91430.47,xx9003,Alcohol,expense,LocalBrewery,merchant_match,high
2025-01-10,Charity Foundation,25.00,,91405.47,xx9002,Donations & Charity,expense,Charity Foundation,merchant_match,high
2025-01-11,FreshMart Supermarket,93.67,,91311.80,xx9002,Groceries,expense,FreshMart,merchant_match,high
2025-01-11,Parking Authority,6.26,,91305.54,xx9001,Transport & Parking,expense,Parking Authority,merchant_match,high
2025-01-11,Fashion Outlet,71.42,,91234.12,xx9002,Clothing & Footwear,expense,Fashion Outlet,merchant_match,high
2025-01-12,BeanCo Coffee,6.24,,91227.88,xx9003,Dining Out & Takeaway,expense,BeanCo,merchant_match,high
2025-01-12,PetSupplies Co,56.74,,91171.14,xx9001,Pet Expenses,expense,PetSupplies,merchant_match,high
2025-01-12,Garden Nursery,16.86,,91154.28,xx9003,Home & Garden,expense,Garden Nursery,merchant_match,high
2025-01-13,Home Loan Repayment,920.00,,90234.28,xx9001,Housing – Mortgage,expense,Home Loan,mortgage_pattern,high
2025-01-13,BeanCo Coffee,12.01,,90222.27,xx9002,Dining Out & Takeaway,expense,BeanCo,merchant_match,high
2025-01-13,CityPharmacy,22.42,,90199.85,xx9001,Medical & Health,expense,CityPharmacy,merchant_match,high
2025-01-13,PetSupplies Co,93.12,,90106.73,xx9001,Pet Expenses,expense,PetSupplies,merchant_match,high
2025-01-13,Big Box Hardware,15.87,,90090.86,xx9002,Home & Garden,expense,Big Box Hardware,merchant_match,high
2025-01-13,WineCellar,76.68,,90014.18,xx9002,Alcohol,expense,WineCellar,merchant_match,high
2025-01-13,LocalBrewery,47.43,,89966.75,xx9002,Alcohol,expense,LocalBrewery,merchant_match,high
2025-01-14,CityRail,6.58,,89960.17,xx9001,Transport & Parking,expense,CityRail,merchant_match,high
2025-01-14,Parking Authority,14.73,,89945.44,xx9001,Transport & Parking,expense,Parking Authority,merchant_match,high
2025-01-15,Salary Employer A,,3465.85,93411.29,xx9001,INCOME,income,Employer A — Wage,income_match,high
2025-01-15,Salary Employer B,,2828.54,96239.83,xx9001,INCOME,income,Employer B — Wage,income_match,high
2025-01-15,FreshMart Supermarket,83.51,,96156.32,xx9003,Groceries,expense,FreshMart,merchant_match,high
2025-01-15,CityRail,9.25,,96147.07,xx9002,Transport & Parking,expense,CityRail,merchant_match,high
2025-01-15,Fashion Outlet,90.64,,96056.43,xx9003,Clothing & Footwear,expense,Fashion Outlet,merchant_match,high
2025-01-15,ShoeStore,122.78,,95933.65,xx9003,Clothing & Footwear,expense,ShoeStore,merchant_match,high
2025-01-15,Professional Body Membership,220.00,,95713.65,xx9002,Professional Fees & Memberships,expense,Professional Body,merchant_match,high
2025-01-16,Corner Grocer,49.88,,95663.77,xx9001,Groceries,expense,Corner Grocer,merchant_match,high
2025-01-16,FastFoods Drive-Thru,21.02,,95642.75,xx9001,Dining Out & Takeaway,expense,FastFoods,merchant_match,high
2025-01-16,CityRail,10.64,,95632.11,xx9001,Transport & Parking,expense,CityRail,merchant_match,high
2025-01-17,FreshMart Supermarket,104.11,,95528.00,xx9002,Groceries,expense,FreshMart,merchant_match,high
2025-01-17,FastFoods Drive-Thru,24.55,,95503.45,xx9001,Dining Out & Takeaway,expense,FastFoods,merchant_match,high
2025-01-18,FreshMart Supermarket,144.76,,95358.69,xx9001,Groceries,expense,FreshMart,merchant_match,high
2025-01-18,BeanCo Coffee,11.12,,95347.57,xx9003,Dining Out & Takeaway,expense,BeanCo,merchant_match,high
2025-01-18,FastFoods Drive-Thru,29.42,,95318.15,xx9001,Dining Out & Takeaway,expense,FastFoods,merchant_match,high
2025-01-18,WaterCorp,134.74,,95183.41,xx9001,Utilities & Rates,expense,WaterCorp,merchant_match,high
2025-01-18,MusicCloud,12.00,,95171.41,xx9003,Media Subscriptions,expense,MusicCloud,merchant_match,high
2025-01-18,ShoeStore,131.24,,95040.17,xx9002,Clothing & Footwear,expense,ShoeStore,merchant_match,high
2025-01-19,FreshMart Supermarket,93.55,,94946.62,xx9002,Groceries,expense,FreshMart,merchant_match,high
2025-01-20,Home Loan Repayment,920.00,,94026.62,xx9001,Housing – Mortgage,expense,Home Loan,mortgage_pattern,high
2025-01-20,Corner Grocer,41.36,,93985.26,xx9001,Groceries,expense,Corner Grocer,merchant_match,high
2025-01-20,BeanCo Coffee,15.41,,93969.85,xx9002,Dining Out & Takeaway,expense,BeanCo,merchant_match,high
2025-01-20,FastFoods Drive-Thru,19.25,,93950.60,xx9002,Dining Out & Takeaway,expense,FastFoods,merchant_match,high
2025-01-20,FibreNet Internet,85.00,,93865.60,xx9002,Communications & Internet,expense,FibreNet,merchant_match,high
2025-01-20,Fashion Outlet,145.81,,93719.79,xx9002,Clothing & Footwear,expense,Fashion Outlet,merchant_match,high
2025-01-21,CityRail,8.86,,93710.93,xx9002,Transport & Parking,expense,CityRail,merchant_match,high
2025-01-21,MedCentre,91.79,,93619.14,xx9001,Medical & Health,expense,MedCentre,merchant_match,high
2025-01-21,Fashion Outlet,23.75,,93595.39,xx9001,Clothing & Footwear,expense,Fashion Outlet,merchant_match,high
2025-01-21,CinemaWorld,26.75,,93568.64,xx9002,Social & Recreation,expense,CinemaWorld,merchant_match,high
2025-01-22,FreshMart Supermarket,106.22,,93462.42,xx9003,Groceries,expense,FreshMart,merchant_match,high
2025-01-22,HealthShield Insurance,210.78,,93251.64,xx9003,Insurance,expense,HealthShield,merchant_match,high
2025-01-23,Online Learning,45.00,,93206.64,xx9002,Education & Training,expense,Online Learning,merchant_match,high
2025-01-24,Pizza Palace,60.52,,93146.12,xx9001,Dining Out & Takeaway,expense,Pizza Palace,merchant_match,high
2025-01-24,Fashion Outlet,88.21,,93057.91,xx9003,Clothing & Footwear,expense,Fashion Outlet,merchant_match,high
2025-01-24,Charity Foundation,25.00,,93032.91,xx9002,Donations & Charity,expense,Charity Foundation,merchant_match,high
2025-01-25,BeanCo Coffee,11.65,,93021.26,xx9002,Dining Out & Takeaway,expense,BeanCo,merchant_match,high
2025-01-25,Travel Agency,1002.24,,92019.02,xx9001,Holidays & Travel,expense,Travel Agency,merchant_match,high
2025-01-26,Corner Grocer,49.52,,91969.50,xx9001,Groceries,expense,Corner Grocer,merchant_match,high
2025-01-26,BeanCo Coffee,11.14,,91958.36,xx9002,Dining Out & Takeaway,expense,BeanCo,merchant_match,high
2025-01-26,Pizza Palace,57.16,,91901.20,xx9001,Dining Out & Takeaway,expense,Pizza Palace,merchant_match,high
2025-01-26,LocalBrewery,40.06,,91861.14,xx9003,Alcohol,expense,LocalBrewery,merchant_match,high
2025-01-26,Australia Post,28.90,,91832.24,xx9002,Administrative & Post,expense,Australia Post,merchant_match,high
2025-01-27,Home Loan Repayment,920.00,,90912.24,xx9001,Housing – Mortgage,expense,Home Loan,mortgage_pattern,high
2025-01-27,FuelStop Petrol,66.13,,90846.11,xx9003,Vehicle Expenses,expense,FuelStop,merchant_match,high
2025-01-28,FreshMart Supermarket,130.19,,90715.92,xx9002,Groceries,expense,FreshMart,merchant_match,high
2025-01-29,Salary Employer A,,3091.39,93807.31,xx9001,INCOME,income,Employer A — Wage,income_match,high
2025-01-29,Salary Employer B,,2740.10,96547.41,xx9001,INCOME,income,Employer B — Wage,income_match,high
2025-01-29,FreshMart Supermarket,134.14,,96413.27,xx9001,Groceries,expense,FreshMart,merchant_match,high
2025-01-29,Parking Authority,17.74,,96395.53,xx9001,Transport & Parking,expense,Parking Authority,merchant_match,high
2025-01-30,FreshMart Supermarket,150.93,,96244.60,xx9003,Groceries,expense,FreshMart,merchant_match,high
2025-01-30,AutoSure Car Insurance,118.76,,96125.84,xx9003,Insurance,expense,AutoSure,merchant_match,high
2025-01-30,WineCellar,53.25,,96072.59,xx9001,Alcohol,expense,WineCellar,merchant_match,high
2025-01-31,Pizza Palace,31.74,,96040.85,xx9003,Dining Out & Takeaway,expense,Pizza Palace,merchant_match,high
2025-01-31,CityPharmacy,39.43,,96001.42,xx9002,Medical & Health,expense,CityPharmacy,merchant_match,high
2025-01-31,PetSupplies Co,62.49,,95938.93,xx9002,Pet Expenses,expense,PetSupplies,merchant_match,high
2025-01-31,Fashion Outlet,15.56,,95923.37,xx9002,Clothing & Footwear,expense,Fashion Outlet,merchant_match,high
2025-01-31,Beauty Spa,90.66,,95832.71,xx9003,Personal Care,expense,Beauty Spa,merchant_match,high
2025-02-01,Australia Post,19.58,,95813.13,xx9002,Administrative & Post,expense,Australia Post,merchant_match,high
2025-02-02,BeanCo Coffee,11.80,,95801.33,xx9003,Dining Out & Takeaway,expense,BeanCo,merchant_match,high
2025-02-02,HomePower Utilities,292.03,,95509.30,xx9001,Utilities & Rates,expense,HomePower,merchant_match,high
2025-02-03,Home Loan Repayment,920.00,,94589.30,xx9001,Housing – Mortgage,expense,Home Loan,mortgage_pattern,high
2025-02-03,Corner Grocer,61.34,,94527.96,xx9003,Groceries,expense,Corner Grocer,merchant_match,high
2025-02-03,BeanCo Coffee,14.06,,94513.90,xx9003,Dining Out & Takeaway,expense,BeanCo,merchant_match,high
2025-02-04,FreshMart Supermarket,94.28,,94419.62,xx9001,Groceries,expense,FreshMart,merchant_match,high
2025-02-04,StreamFlix,19.00,,94400.62,xx9002,Media Subscriptions,expense,StreamFlix,merchant_match,high
2025-02-05,BeanCo Coffee,10.06,,94390.56,xx9003,Dining Out & Takeaway,expense,BeanCo,merchant_match,high
2025-02-05,FibreNet Internet,85.00,,94305.56,xx9003,Communications & Internet,expense,FibreNet,merchant_match,high
2025-02-05,CinemaWorld,20.87,,94284.69,xx9001,Social & Recreation,expense,CinemaWorld,merchant_match,high
2025-02-06,FreshMart Supermarket,141.72,,94142.97,xx9001,Groceries,expense,FreshMart,merchant_match,high
2025-02-06,StreamFlix,19.00,,94123.97,xx9001,Media Subscriptions,expense,StreamFlix,merchant_match,high
2025-02-06,WineCellar,37.15,,94086.82,xx9002,Alcohol,expense,WineCellar,merchant_match,high
2025-02-06,Hairdresser,49.63,,94037.19,xx9001,Personal Care,expense,Hairdresser,merchant_match,high
2025-02-07,Corner Grocer,46.50,,93990.69,xx9001,Groceries,expense,Corner Grocer,merchant_match,high
2025-02-07,BeanCo Coffee,13.86,,93976.83,xx9003,Dining Out & Takeaway,expense,BeanCo,merchant_match,high
2025-02-07,FuelStop Petrol,73.14,,93903.69,xx9002,Vehicle Expenses,expense,FuelStop,merchant_match,high
2025-02-07,FibreNet Internet,85.00,,93818.69,xx9002,Communications & Internet,expense,FibreNet,merchant_match,high
2025-02-07,CinemaWorld,38.74,,93779.95,xx9001,Social & Recreation,expense,CinemaWorld,merchant_match,high
2025-02-07,Travel Agency,943.90,,92836.05,xx9001,Holidays & Travel,expense,Travel Agency,merchant_match,high
2025-02-07,Australia Post,27.17,,92808.88,xx9001,Administrative & Post,expense,Australia Post,merchant_match,high
2025-02-08,BeanCo Coffee,14.11,,92794.77,xx9002,Dining Out & Takeaway,expense,BeanCo,merchant_match,high
2025-02-08,FibreNet Internet,85.00,,92709.77,xx9002,Communications & Internet,expense,FibreNet,merchant_match,high
2025-02-08,Hairdresser,46.36,,92663.41,xx9003,Personal Care,expense,Hairdresser,merchant_match,high
2025-02-08,OnceOff Repair,1.00,,92662.41,xx9002,One-off Expenses,expense,OnceOff Repair,merchant_match,high
2025-02-09,Corner Grocer,55.53,,92606.88,xx9002,Groceries,expense,Corner Grocer,merchant_match,high
2025-02-09,BeanCo Coffee,9.10,,92597.78,xx9003,Dining Out & Takeaway,expense,BeanCo,merchant_match,high
2025-02-09,FuelStop Petrol,85.59,,92512.19,xx9001,Vehicle Expenses,expense,FuelStop,merchant_match,high
2025-02-09,Parking Authority,16.52,,92495.67,xx9001,Transport & Parking,expense,Parking Authority,merchant_match,high
2025-02-10,Home Loan Repayment,920.00,,91575.67,xx9001,Housing – Mortgage,expense,Home Loan,mortgage_pattern,high
2025-02-10,BeanCo Coffee,13.05,,91562.62,xx9001,Dining Out & Takeaway,expense,BeanCo,merchant_match,high
2025-02-10,PetSupplies Co,41.20,,91521.42,xx9001,Pet Expenses,expense,PetSupplies,merchant_match,high
2025-02-10,LocalBrewery,47.19,,91474.23,xx9003,Alcohol,expense,LocalBrewery,merchant_match,high
2025-02-10,TechMegaStore,293.25,,91180.98,xx9001,Technology & Equipment,expense,TechMegaStore,merchant_match,high
2025-02-11,Big Box Hardware,53.49,,91127.49,xx9002,Home & Garden,expense,Big Box Hardware,merchant_match,high
2025-02-11,FitnessFirst Gym,65.00,,91062.49,xx9003,Sport & Hobbies,expense,FitnessFirst,merchant_match,high
2025-02-11,Online Learning,45.00,,91017.49,xx9001,Education & Training,expense,Online Learning,merchant_match,high
2025-02-12,Salary Employer A,,3188.20,94205.69,xx9001,INCOME,income,Employer A — Wage,income_match,high
2025-02-12,Salary Employer B,,2709.43,96915.12,xx9001,INCOME,income,Employer B — Wage,income_match,high
2025-02-12,BeanCo Coffee,9.31,,96905.81,xx9002,Dining Out & Takeaway,expense,BeanCo,merchant_match,high
2025-02-12,Pizza Palace,33.92,,96871.89,xx9003,Dining Out & Takeaway,expense,Pizza Palace,merchant_match,high
2025-02-12,CityRail,7.19,,96864.70,xx9002,Transport & Parking,expense,CityRail,merchant_match,high
2025-02-12,MusicCloud,12.00,,96852.70,xx9002,Media Subscriptions,expense,MusicCloud,merchant_match,high
2025-02-13,Corner Grocer,59.29,,96793.41,xx9002,Groceries,expense,Corner Grocer,merchant_match,high
2025-02-13,FuelStop Petrol,86.92,,96706.49,xx9003,Vehicle Expenses,expense,FuelStop,merchant_match,high
2025-02-13,PetSupplies Co,79.27,,96627.22,xx9003,Pet Expenses,expense,PetSupplies,merchant_match,high
2025-02-13,Big Box Hardware,81.04,,96546.18,xx9001,Home & Garden,expense,Big Box Hardware,merchant_match,high
2025-02-14,FreshMart Supermarket,99.64,,96446.54,xx9001,Groceries,expense,FreshMart,merchant_match,high
2025-02-14,BeanCo Coffee,7.18,,96439.36,xx9002,Dining Out & Takeaway,expense,BeanCo,merchant_match,high
2025-02-14,FibreNet Internet,85.00,,96354.36,xx9003,Communications & Internet,expense,FibreNet,merchant_match,high
2025-02-14,Fashion Outlet,81.39,,96272.97,xx9001,Clothing & Footwear,expense,Fashion Outlet,merchant_match,high
2025-02-15,FuelStop Petrol,88.10,,96184.87,xx9001,Vehicle Expenses,expense,FuelStop,merchant_match,high
2025-02-16,Parking Authority,23.01,,96161.86,xx9002,Transport & Parking,expense,Parking Authority,merchant_match,high
2025-02-17,Home Loan Repayment,920.00,,95241.86,xx9001,Housing – Mortgage,expense,Home Loan,mortgage_pattern,high
2025-02-17,BeanCo Coffee,11.33,,95230.53,xx9002,Dining Out & Takeaway,expense,BeanCo,merchant_match,high
2025-02-17,CityRail,4.58,,95225.95,xx9003,Transport & Parking,expense,CityRail,merchant_match,high
2025-02-17,Fashion Outlet,54.34,,95171.61,xx9002,Clothing & Footwear,expense,Fashion Outlet,merchant_match,high
2025-02-18,Pizza Palace,33.94,,95137.67,xx9001,Dining Out & Takeaway,expense,Pizza Palace,merchant_match,high
2025-02-18,StreamFlix,19.00,,95118.67,xx9001,Media Subscriptions,expense,StreamFlix,merchant_match,high
2025-02-19,BeanCo Coffee,14.44,,95104.23,xx9001,Dining Out & Takeaway,expense,BeanCo,merchant_match,high
2025-02-19,Pizza Palace,37.36,,95066.87,xx9002,Dining Out & Takeaway,expense,Pizza Palace,merchant_match,high
2025-02-19,CityPharmacy,36.44,,95030.43,xx9001,Medical & Health,expense,CityPharmacy,merchant_match,high
2025-02-19,Accounting Services,350.00,,94680.43,xx9001,Accounting & Tax,expense,Accounting Services,merchant_match,high
2025-02-20,BeanCo Coffee,14.71,,94665.72,xx9002,Dining Out & Takeaway,expense,BeanCo,merchant_match,high
2025-02-20,MedCentre,72.62,,94593.10,xx9003,Medical & Health,expense,MedCentre,merchant_match,high
2025-02-20,StreamFlix,19.00,,94574.10,xx9003,Media Subscriptions,expense,StreamFlix,merchant_match,high
2025-02-20,Mini Golf Co,29.13,,94544.97,xx9001,Social & Recreation,expense,Mini Golf Co,merchant_match,high
2025-02-21,BeanCo Coffee,12.68,,94532.29,xx9003,Dining Out & Takeaway,expense,BeanCo,merchant_match,high
2025-02-21,Big Box Hardware,54.89,,94477.40,xx9003,Home & Garden,expense,Big Box Hardware,merchant_match,high
2025-02-21,TechMegaStore,169.87,,94307.53,xx9002,Technology & Equipment,expense,TechMegaStore,merchant_match,high
2025-02-21,BankFee,4.00,,94303.53,xx9001,Bank Fees,expense,BankFee,merchant_match,high
2025-02-22,BeanCo Coffee,10.04,,94293.49,xx9001,Dining Out & Takeaway,expense,BeanCo,merchant_match,high
2025-02-22,MedCentre,130.33,,94163.16,xx9002,Medical & Health,expense,MedCentre,merchant_match,high
2025-02-22,CityPharmacy,9.64,,94153.52,xx9003,Medical & Health,expense,CityPharmacy,merchant_match,high
2025-02-22,MusicCloud,12.00,,94141.52,xx9002,Media Subscriptions,expense,MusicCloud,merchant_match,high
2025-02-22,Hairdresser,40.94,,94100.58,xx9003,Personal Care,expense,Hairdresser,merchant_match,high
2025-02-22,Beauty Spa,113.86,,93986.72,xx9002,Personal Care,expense,Beauty Spa,merchant_match,high
2025-02-22,Birthday Gift Shop,110.15,,93876.57,xx9001,Gifts,expense,Birthday Gift Shop,merchant_match,high
2025-02-23,CityRail,10.63,,93865.94,xx9003,Transport & Parking,expense,CityRail,merchant_match,high
2025-02-24,Home Loan Repayment,920.00,,92945.94,xx9001,Housing – Mortgage,expense,Home Loan,mortgage_pattern,high
2025-02-24,Corner Grocer,46.61,,92899.33,xx9001,Groceries,expense,Corner Grocer,merchant_match,high
2025-02-24,Council Rates,427.97,,92471.36,xx9001,Utilities & Rates,expense,Council Rates,merchant_match,high
2025-02-24,Fashion Outlet,109.83,,92361.53,xx9002,Clothing & Footwear,expense,Fashion Outlet,merchant_match,high
2025-02-24,ShoeStore,105.67,,92255.86,xx9001,Clothing & Footwear,expense,ShoeStore,merchant_match,high
2025-02-24,CinemaWorld,26.22,,92229.64,xx9001,Social & Recreation,expense,CinemaWorld,merchant_match,high
2025-02-24,Australia Post,14.09,,92215.55,xx9001,Administrative & Post,expense,Australia Post,merchant_match,high
2025-02-25,FreshMart Supermarket,97.20,,92118.35,xx9003,Groceries,expense,FreshMart,merchant_match,high
2025-02-25,PetSupplies Co,50.12,,92068.23,xx9001,Pet Expenses,expense,PetSupplies,merchant_match,high
2025-02-26,Salary Employer A,,3430.54,95498.77,xx9001,INCOME,income,Employer A — Wage,income_match,high
2025-02-26,Salary Employer B,,2805.50,98304.27,xx9001,INCOME,income,Employer B — Wage,income_match,high
2025-02-26,Parking Authority,11.99,,98292.28,xx9003,Transport & Parking,expense,Parking Authority,merchant_match,high
2025-02-26,VetCare Animal Hospital,154.67,,98137.61,xx9003,Pet Expenses,expense,VetCare,merchant_match,high
2025-02-27,BeanCo Coffee,11.28,,98126.33,xx9001,Dining Out & Takeaway,expense,BeanCo,merchant_match,high
2025-02-27,Garden Nursery,35.63,,98090.70,xx9002,Home & Garden,expense,Garden Nursery,merchant_match,high
2025-02-27,FitnessFirst Gym,65.00,,98025.70,xx9002,Sport & Hobbies,expense,FitnessFirst,merchant_match,high
2025-03-01,Corner Grocer,43.48,,97982.22,xx9002,Groceries,expense,Corner Grocer,merchant_match,high
2025-03-01,BeanCo Coffee,14.18,,97968.04,xx9002,Dining Out & Takeaway,expense,BeanCo,merchant_match,high
2025-03-01,CityRail,7.37,,97960.67,xx9002,Transport & Parking,expense,CityRail,merchant_match,high
2025-03-01,Parking Authority,17.51,,97943.16,xx9003,Transport & Parking,expense,Parking Authority,merchant_match,high
2025-03-02,FreshMart Supermarket,112.01,,97831.15,xx9001,Groceries,expense,FreshMart,merchant_match,high
2025-03-02,WineCellar,64.55,,97766.60,xx9002,Alcohol,expense,WineCellar,merchant_match,high
2025-03-03,Home Loan Repayment,920.00,,96846.60,xx9001,Housing – Mortgage,expense,Home Loan,mortgage_pattern,high
2025-03-03,FreshMart Supermarket,136.24,,96710.36,xx9001,Groceries,expense,FreshMart,merchant_match,high
2025-03-03,BeanCo Coffee,12.55,,96697.81,xx9003,Dining Out & Takeaway,expense,BeanCo,merchant_match,high
2025-03-03,WineCellar,66.47,,96631.34,xx9002,Alcohol,expense,WineCellar,merchant_match,high
2025-03-03,BankFee,4.00,,96627.34,xx9003,Bank Fees,expense,BankFee,merchant_match,high
2025-03-04,BeanCo Coffee,10.10,,96617.24,xx9001,Dining Out & Takeaway,expense,BeanCo,merchant_match,high
2025-03-04,Pizza Palace,38.09,,96579.15,xx9002,Dining Out & Takeaway,expense,Pizza Palace,merchant_match,high
2025-03-04,CityRail,8.90,,96570.25,xx9001,Transport & Parking,expense,CityRail,merchant_match,high
2025-03-04,VetCare Animal Hospital,105.09,,96465.16,xx9003,Pet Expenses,expense,VetCare,merchant_match,high
2025-03-05,FuelStop Petrol,80.61,,96384.55,xx9002,Vehicle Expenses,expense,FuelStop,merchant_match,high
2025-03-06,LocalBrewery,35.58,,96348.97,xx9003,Alcohol,expense,LocalBrewery,merchant_match,high
2025-03-07,Corner Grocer,59.81,,96289.16,xx9001,Groceries,expense,Corner Grocer,merchant_match,high
2025-03-07,BeanCo Coffee,13.62,,96275.54,xx9001,Dining Out & Takeaway,expense,BeanCo,merchant_match,high
2025-03-07,Parking Authority,13.38,,96262.16,xx9003,Transport & Parking,expense,Parking Authority,merchant_match,high
2025-03-08,FuelStop Petrol,99.73,,96162.43,xx9001,Vehicle Expenses,expense,FuelStop,merchant_match,high
2025-03-08,MedCentre,74.72,,96087.71,xx9003,Medical & Health,expense,MedCentre,merchant_match,high
2025-03-09,FuelStop Petrol,93.62,,95994.09,xx9003,Vehicle Expenses,expense,FuelStop,merchant_match,high
2025-03-09,Big Box Hardware,102.60,,95891.49,xx9003,Home & Garden,expense,Big Box Hardware,merchant_match,high
2025-03-09,YogaStudio,45.00,,95846.49,xx9001,Sport & Hobbies,expense,YogaStudio,merchant_match,high
2025-03-10,Home Loan Repayment,920.00,,94926.49,xx9001,Housing – Mortgage,expense,Home Loan,mortgage_pattern,high
2025-03-10,Garden Nursery,38.48,,94888.01,xx9003,Home & Garden,expense,Garden Nursery,merchant_match,high
2025-03-11,FuelStop Petrol,96.77,,94791.24,xx9003,Vehicle Expenses,expense,FuelStop,merchant_match,high
2025-03-11,FibreNet Internet,85.00,,94706.24,xx9001,Communications & Internet,expense,FibreNet,merchant_match,high
2025-03-11,Birthday Gift Shop,32.56,,94673.68,xx9003,Gifts,expense,Birthday Gift Shop,merchant_match,high
2025-03-12,Salary Employer A,,3463.93,98137.61,xx9001,INCOME,income,Employer A — Wage,income_match,high
2025-03-12,Salary Employer B,,2582.86,100720.47,xx9001,INCOME,income,Employer B — Wage,income_match,high
2025-03-12,FreshMart Supermarket,130.44,,100590.03,xx9003,Groceries,expense,FreshMart,merchant_match,high
2025-03-12,Corner Grocer,36.59,,100553.44,xx9003,Groceries,expense,Corner Grocer,merchant_match,high
2025-03-12,BeanCo Coffee,14.41,,100539.03,xx9001,Dining Out & Takeaway,expense,BeanCo,merchant_match,high
2025-03-12,LocalBrewery,44.37,,100494.66,xx9002,Alcohol,expense,LocalBrewery,merchant_match,high
2025-03-12,Charity Foundation,25.00,,100469.66,xx9003,Donations & Charity,expense,Charity Foundation,merchant_match,high
2025-03-13,BeanCo Coffee,11.86,,100457.80,xx9003,Dining Out & Takeaway,expense,BeanCo,merchant_match,high
2025-03-13,FuelStop Petrol,83.16,,100374.64,xx9001,Vehicle Expenses,expense,FuelStop,merchant_match,high
2025-03-13,CityRail,10.46,,100364.18,xx9001,Transport & Parking,expense,CityRail,merchant_match,high
2025-03-13,TechMegaStore,153.01,,100211.17,xx9003,Technology & Equipment,expense,TechMegaStore,merchant_match,high
2025-03-13,Australia Post,17.05,,100194.12,xx9002,Administrative & Post,expense,Australia Post,merchant_match,high
2025-03-14,BeanCo Coffee,12.74,,100181.38,xx9003,Dining Out & Takeaway,expense,BeanCo,merchant_match,high
2025-03-14,CityPharmacy,42.66,,100138.72,xx9001,Medical & Health,expense,CityPharmacy,merchant_match,high
2025-03-15,CinemaWorld,33.09,,100105.63,xx9002,Social & Recreation,expense,CinemaWorld,merchant_match,high
2025-03-16,BeanCo Coffee,13.34,,100092.29,xx9001,Dining Out & Takeaway,expense,BeanCo,merchant_match,high
2025-03-16,Pizza Palace,40.33,,100051.96,xx9002,Dining Out & Takeaway,expense,Pizza Palace,merchant_match,high
2025-03-16,CityRail,8.11,,100043.85,xx9003,Transport & Parking,expense,CityRail,merchant_match,high
2025-03-16,Telco Plus Mobile,60.00,,99983.85,xx9003,Communications & Internet,expense,Telco Plus,merchant_match,high
2025-03-17,Home Loan Repayment,920.00,,99063.85,xx9001,Housing – Mortgage,expense,Home Loan,mortgage_pattern,high
2025-03-17,FreshMart Supermarket,113.02,,98950.83,xx9001,Groceries,expense,FreshMart,merchant_match,high
2025-03-17,Corner Grocer,48.94,,98901.89,xx9003,Groceries,expense,Corner Grocer,merchant_match,high
2025-03-17,PetSupplies Co,52.56,,98849.33,xx9002,Pet Expenses,expense,PetSupplies,merchant_match,high
2025-03-17,Charity Foundation,25.00,,98824.33,xx9001,Donations & Charity,expense,Charity Foundation,merchant_match,high
2025-03-17,Birthday Gift Shop,44.43,,98779.90,xx9001,Gifts,expense,Birthday Gift Shop,merchant_match,high
2025-03-18,WaterCorp,145.54,,98634.36,xx9003,Utilities & Rates,expense,WaterCorp,merchant_match,high
2025-03-18,VetCare Animal Hospital,144.40,,98489.96,xx9002,Pet Expenses,expense,VetCare,merchant_match,high
2025-03-18,PetSupplies Co,40.06,,98449.90,xx9002,Pet Expenses,expense,PetSupplies,merchant_match,high
2025-03-19,FreshMart Supermarket,127.69,,98322.21,xx9003,Groceries,expense,FreshMart,merchant_match,high
2025-03-19,CityRail,6.38,,98315.83,xx9001,Transport & Parking,expense,CityRail,merchant_match,high
2025-03-19,WaterCorp,110.03,,98205.80,xx9001,Utilities & Rates,expense,WaterCorp,merchant_match,high
2025-03-19,Online Learning,45.00,,98160.80,xx9002,Education & Training,expense,Online Learning,merchant_match,high
2025-03-21,Telco Plus Mobile,60.00,,98100.80,xx9003,Communications & Internet,expense,Telco Plus,merchant_match,high
2025-03-21,BankFee,4.00,,98096.80,xx9002,Bank Fees,expense,BankFee,merchant_match,high
2025-03-22,BeanCo Coffee,7.97,,98088.83,xx9001,Dining Out & Takeaway,expense,BeanCo,merchant_match,high
2025-03-22,Parking Authority,9.04,,98079.79,xx9002,Transport & Parking,expense,Parking Authority,merchant_match,high
2025-03-23,FuelStop Petrol,92.17,,97987.62,xx9003,Vehicle Expenses,expense,FuelStop,merchant_match,high
2025-03-23,CityPharmacy,26.03,,97961.59,xx9001,Medical & Health,expense,CityPharmacy,merchant_match,high
2025-03-23,VetCare Animal Hospital,146.24,,97815.35,xx9001,Pet Expenses,expense,VetCare,merchant_match,high
2025-03-23,Big Box Hardware,66.82,,97748.53,xx9001,Home & Garden,expense,Big Box Hardware,merchant_match,high
2025-03-24,Home Loan Repayment,920.00,,96828.53,xx9001,Housing – Mortgage,expense,Home Loan,mortgage_pattern,high
2025-03-25,BeanCo Coffee,16.96,,96811.57,xx9001,Dining Out & Takeaway,expense,BeanCo,merchant_match,high
2025-03-26,Salary Employer A,,3369.24,100180.81,xx9001,INCOME,income,Employer A — Wage,income_match,high
2025-03-26,Salary Employer B,,2952.97,103133.78,xx9001,INCOME,income,Employer B — Wage,income_match,high
2025-03-27,MedCentre,95.85,,103037.93,xx9001,Medical & Health,expense,MedCentre,merchant_match,high
2025-03-28,CityRail,5.91,,103032.02,xx9001,Transport & Parking,expense,CityRail,merchant_match,high
2025-03-28,Parking Authority,11.84,,103020.18,xx9003,Transport & Parking,expense,Parking Authority,merchant_match,high
2025-03-28,Telco Plus Mobile,60.00,,102960.18,xx9002,Communications & Internet,expense,Telco Plus,merchant_match,high
2025-03-28,AutoSure Car Insurance,118.78,,102841.40,xx9002,Insurance,expense,AutoSure,merchant_match,high
2025-03-28,CinemaWorld,23.96,,102817.44,xx9003,Social & Recreation,expense,CinemaWorld,merchant_match,high
2025-03-28,TechMegaStore,213.99,,102603.45,xx9001,Technology & Equipment,expense,TechMegaStore,merchant_match,high
2025-03-28,Australia Post,16.51,,102586.94,xx9001,Administrative & Post,expense,Australia Post,merchant_match,high
2025-03-29,Pizza Palace,32.76,,102554.18,xx9003,Dining Out & Takeaway,expense,Pizza Palace,merchant_match,high
2025-03-29,CityRail,13.30,,102540.88,xx9003,Transport & Parking,expense,CityRail,merchant_match,high
2025-03-29,WaterCorp,116.53,,102424.35,xx9001,Utilities & Rates,expense,WaterCorp,merchant_match,high
2025-03-29,MedCentre,64.06,,102360.29,xx9001,Medical & Health,expense,MedCentre,merchant_match,high
2025-03-29,Big Box Hardware,15.60,,102344.69,xx9002,Home & Garden,expense,Big Box Hardware,merchant_match,high
2025-03-30,Corner Grocer,48.78,,102295.91,xx9001,Groceries,expense,Corner Grocer,merchant_match,high
2025-03-31,Home Loan Repayment,920.00,,101375.91,xx9001,Housing – Mortgage,expense,Home Loan,mortgage_pattern,high
2025-03-31,BeanCo Coffee,14.83,,101361.08,xx9002,Dining Out & Takeaway,expense,BeanCo,merchant_match,high
2025-03-31,CityRail,8.26,,101352.82,xx9003,Transport & Parking,expense,CityRail,merchant_match,high
2025-03-31,Telco Plus Mobile,60.00,,101292.82,xx9003,Communications & Internet,expense,Telco Plus,merchant_match,high
2025-03-31,MusicCloud,12.00,,101280.82,xx9001,Media Subscriptions,expense,MusicCloud,merchant_match,high
2025-04-01,FreshMart Supermarket,96.35,,101184.47,xx9001,Groceries,expense,FreshMart,merchant_match,high
2025-04-01,Big Box Hardware,64.17,,101120.30,xx9001,Home & Garden,expense,Big Box Hardware,merchant_match,high
2025-04-01,Charity Foundation,25.00,,101095.30,xx9003,Donations & Charity,expense,Charity Foundation,merchant_match,high
2025-04-02,Parking Authority,13.34,,101081.96,xx9002,Transport & Parking,expense,Parking Authority,merchant_match,high
2025-04-02,PetSupplies Co,53.50,,101028.46,xx9002,Pet Expenses,expense,PetSupplies,merchant_match,high
2025-04-02,ShoeStore,81.86,,100946.60,xx9003,Clothing & Footwear,expense,ShoeStore,merchant_match,high
2025-04-03,BeanCo Coffee,11.51,,100935.09,xx9001,Dining Out & Takeaway,expense,BeanCo,merchant_match,high
2025-04-03,CityRail,14.18,,100920.91,xx9001,Transport & Parking,expense,CityRail,merchant_match,high
2025-04-04,BeanCo Coffee,11.20,,100909.71,xx9002,Dining Out & Takeaway,expense,BeanCo,merchant_match,high
2025-04-04,Parking Authority,13.09,,100896.62,xx9003,Transport & Parking,expense,Parking Authority,merchant_match,high
2025-04-04,FitnessFirst Gym,65.00,,100831.62,xx9002,Sport & Hobbies,expense,FitnessFirst,merchant_match,high
2025-04-04,Charity Foundation,25.00,,100806.62,xx9002,Donations & Charity,expense,Charity Foundation,merchant_match,high
2025-04-05,BeanCo Coffee,8.52,,100798.10,xx9002,Dining Out & Takeaway,expense,BeanCo,merchant_match,high
2025-04-05,CityRail,5.31,,100792.79,xx9002,Transport & Parking,expense,CityRail,merchant_match,high
2025-04-05,Parking Authority,16.66,,100776.13,xx9001,Transport & Parking,expense,Parking Authority,merchant_match,high
2025-04-06,MedCentre,112.65,,100663.48,xx9001,Medical & Health,expense,MedCentre,merchant_match,high
2025-04-06,PetSupplies Co,33.20,,100630.28,xx9003,Pet Expenses,expense,PetSupplies,merchant_match,high
2025-04-06,Australia Post,22.57,,100607.71,xx9002,Administrative & Post,expense,Australia Post,merchant_match,high
2025-04-07,Home Loan Repayment,920.00,,99687.71,xx9001,Housing – Mortgage,expense,Home Loan,mortgage_pattern,high
2025-04-07,FreshMart Supermarket,136.89,,99550.82,xx9001,Groceries,expense,FreshMart,merchant_match,high
2025-04-07,CityRail,7.67,,99543.15,xx9003,Transport & Parking,expense,CityRail,merchant_match,high
2025-04-07,Council Rates,439.59,,99103.56,xx9001,Utilities & Rates,expense,Council Rates,merchant_match,high
2025-04-07,Fashion Outlet,34.53,,99069.03,xx9003,Clothing & Footwear,expense,Fashion Outlet,merchant_match,high
2025-04-08,FreshMart Supermarket,126.79,,98942.24,xx9002,Groceries,expense,FreshMart,merchant_match,high
2025-04-08,CityPharmacy,37.39,,98904.85,xx9001,Medical & Health,expense,CityPharmacy,merchant_match,high
2025-04-08,Fashion Outlet,18.76,,98886.09,xx9002,Clothing & Footwear,expense,Fashion Outlet,merchant_match,high
2025-04-09,Salary Employer A,,3184.66,102070.75,xx9001,INCOME,income,Employer A — Wage,income_match,high
2025-04-09,Salary Employer B,,2613.00,104683.75,xx9001,INCOME,income,Employer B — Wage,income_match,high
2025-04-09,FreshMart Supermarket,113.93,,104569.82,xx9001,Groceries,expense,FreshMart,merchant_match,high
2025-04-09,FastFoods Drive-Thru,24.88,,104544.94,xx9003,Dining Out & Takeaway,expense,FastFoods,merchant_match,high
2025-04-09,PetSupplies Co,48.79,,104496.15,xx9003,Pet Expenses,expense,PetSupplies,merchant_match,high
2025-04-09,Fashion Outlet,67.39,,104428.76,xx9002,Clothing & Footwear,expense,Fashion Outlet,merchant_match,high
2025-04-09,ShoeStore,131.36,,104297.40,xx9003,Clothing & Footwear,expense,ShoeStore,merchant_match,high
2025-04-09,Travel Agency,938.16,,103359.24,xx9003,Holidays & Travel,expense,Travel Agency,merchant_match,high
2025-04-09,Australia Post,14.17,,103345.07,xx9003,Administrative & Post,expense,Australia Post,merchant_match,high
2025-04-10,HealthShield Insurance,214.76,,103130.31,xx9002,Insurance,expense,HealthShield,merchant_match,high
2025-04-10,MedCentre,78.53,,103051.78,xx9003,Medical & Health,expense,MedCentre,merchant_match,high
2025-04-11,Telco Plus Mobile,60.00,,102991.78,xx9002,Communications & Internet,expense,Telco Plus,merchant_match,high
2025-04-11,CityPharmacy,23.84,,102967.94,xx9001,Medical & Health,expense,CityPharmacy,merchant_match,high
2025-04-11,CinemaWorld,23.81,,102944.13,xx9001,Social & Recreation,expense,CinemaWorld,merchant_match,high
2025-04-12,FreshMart Supermarket,152.85,,102791.28,xx9001,Groceries,expense,FreshMart,merchant_match,high
2025-04-12,Pizza Palace,47.48,,102743.80,xx9001,Dining Out & Takeaway,expense,Pizza Palace,merchant_match,high
2025-04-13,FreshMart Supermarket,149.12,,102594.68,xx9001,Groceries,expense,FreshMart,merchant_match,high
2025-04-13,FastFoods Drive-Thru,24.59,,102570.09,xx9003,Dining Out & Takeaway,expense,FastFoods,merchant_match,high
2025-04-13,MedCentre,140.80,,102429.29,xx9001,Medical & Health,expense,MedCentre,merchant_match,high
2025-04-13,LocalBrewery,46.04,,102383.25,xx9002,Alcohol,expense,LocalBrewery,merchant_match,high
2025-04-13,OnceOff Repair,74.07,,102309.18,xx9001,One-off Expenses,expense,OnceOff Repair,merchant_match,high
2025-04-14,Home Loan Repayment,920.00,,101389.18,xx9001,Housing – Mortgage,expense,Home Loan,mortgage_pattern,high
2025-04-14,FreshMart Supermarket,101.44,,101287.74,xx9001,Groceries,expense,FreshMart,merchant_match,high
2025-04-14,WineCellar,65.15,,101222.59,xx9001,Alcohol,expense,WineCellar,merchant_match,high
2025-04-15,FreshMart Supermarket,90.55,,101132.04,xx9001,Groceries,expense,FreshMart,merchant_match,high
2025-04-16,Pizza Palace,34.26,,101097.78,xx9001,Dining Out & Takeaway,expense,Pizza Palace,merchant_match,high
2025-04-16,VetCare Animal Hospital,95.99,,101001.79,xx9002,Pet Expenses,expense,VetCare,merchant_match,high
2025-04-17,BeanCo Coffee,13.15,,100988.64,xx9002,Dining Out & Takeaway,expense,BeanCo,merchant_match,high
2025-04-17,FastFoods Drive-Thru,20.88,,100967.76,xx9001,Dining Out & Takeaway,expense,FastFoods,merchant_match,high
2025-04-17,CityRail,6.10,,100961.66,xx9003,Transport & Parking,expense,CityRail,merchant_match,high
2025-04-17,Accounting Services,350.00,,100611.66,xx9003,Accounting & Tax,expense,Accounting Services,merchant_match,high
2025-04-18,FreshMart Supermarket,146.46,,100465.20,xx9002,Groceries,expense,FreshMart,merchant_match,high
2025-04-18,FuelStop Petrol,62.48,,100402.72,xx9003,Vehicle Expenses,expense,FuelStop,merchant_match,high
2025-04-18,PetSupplies Co,58.10,,100344.62,xx9001,Pet Expenses,expense,PetSupplies,merchant_match,high
2025-04-19,PetSupplies Co,28.93,,100315.69,xx9002,Pet Expenses,expense,PetSupplies,merchant_match,high
2025-04-19,Fashion Outlet,89.32,,100226.37,xx9001,Clothing & Footwear,expense,Fashion Outlet,merchant_match,high
2025-04-20,BeanCo Coffee,9.69,,100216.68,xx9001,Dining Out & Takeaway,expense,BeanCo,merchant_match,high
2025-04-20,Pizza Palace,24.22,,100192.46,xx9002,Dining Out & Takeaway,expense,Pizza Palace,merchant_match,high
2025-04-20,Parking Authority,17.90,,100174.56,xx9002,Transport & Parking,expense,Parking Authority,merchant_match,high
2025-04-21,Home Loan Repayment,920.00,,99254.56,xx9001,Housing – Mortgage,expense,Home Loan,mortgage_pattern,high
2025-04-21,StreamFlix,19.00,,99235.56,xx9002,Media Subscriptions,expense,StreamFlix,merchant_match,high
2025-04-22,FuelStop Petrol,84.42,,99151.14,xx9001,Vehicle Expenses,expense,FuelStop,merchant_match,high
2025-04-22,AutoSure Car Insurance,108.75,,99042.39,xx9003,Insurance,expense,AutoSure,merchant_match,high
2025-04-22,StreamFlix,19.00,,99023.39,xx9002,Media Subscriptions,expense,StreamFlix,merchant_match,high
2025-04-22,OnceOff Repair,260.34,,98763.05,xx9003,One-off Expenses,expense,OnceOff Repair,merchant_match,high
2025-04-23,Salary Employer A,,3674.00,102437.05,xx9001,INCOME,income,Employer A — Wage,income_match,high
2025-04-23,Salary Employer B,,2493.73,104930.78,xx9001,INCOME,income,Employer B — Wage,income_match,high
2025-04-23,Corner Grocer,53.46,,104877.32,xx9001,Groceries,expense,Corner Grocer,merchant_match,high
2025-04-23,FastFoods Drive-Thru,24.25,,104853.07,xx9003,Dining Out & Takeaway,expense,FastFoods,merchant_match,high
2025-04-23,VetCare Animal Hospital,91.28,,104761.79,xx9002,Pet Expenses,expense,VetCare,merchant_match,high
2025-04-24,BeanCo Coffee,8.56,,104753.23,xx9002,Dining Out & Takeaway,expense,BeanCo,merchant_match,high
2025-04-24,FuelStop Petrol,90.71,,104662.52,xx9003,Vehicle Expenses,expense,FuelStop,merchant_match,high
2025-04-24,Parking Authority,13.32,,104649.20,xx9001,Transport & Parking,expense,Parking Authority,merchant_match,high
2025-04-24,StreamFlix,19.00,,104630.20,xx9002,Media Subscriptions,expense,StreamFlix,merchant_match,high
2025-04-25,FuelStop Petrol,77.88,,104552.32,xx9003,Vehicle Expenses,expense,FuelStop,merchant_match,high
2025-04-25,Parking Authority,18.47,,104533.85,xx9001,Transport & Parking,expense,Parking Authority,merchant_match,high
2025-04-25,FibreNet Internet,85.00,,104448.85,xx9003,Communications & Internet,expense,FibreNet,merchant_match,high
2025-04-25,WineCellar,39.23,,104409.62,xx9001,Alcohol,expense,WineCellar,merchant_match,high
2025-04-25,TechMegaStore,247.65,,104161.97,xx9003,Technology & Equipment,expense,TechMegaStore,merchant_match,high
2025-04-26,CityRail,9.89,,104152.08,xx9001,Transport & Parking,expense,CityRail,merchant_match,high
2025-04-26,MedCentre,75.13,,104076.95,xx9003,Medical & Health,expense,MedCentre,merchant_match,high
2025-04-26,Beauty Spa,95.91,,103981.04,xx9002,Personal Care,expense,Beauty Spa,merchant_match,high
2025-04-28,Home Loan Repayment,920.00,,103061.04,xx9001,Housing – Mortgage,expense,Home Loan,mortgage_pattern,high
2025-04-28,HomeSafe Insurance,181.31,,102879.73,xx9003,Insurance,expense,HomeSafe,merchant_match,high
2025-04-28,YogaStudio,45.00,,102834.73,xx9001,Sport & Hobbies,expense,YogaStudio,merchant_match,high
2025-04-29,Corner Grocer,47.67,,102787.06,xx9003,Groceries,expense,Corner Grocer,merchant_match,high
2025-04-29,FastFoods Drive-Thru,24.90,,102762.16,xx9001,Dining Out & Takeaway,expense,FastFoods,merchant_match,high
2025-04-29,FuelStop Petrol,89.76,,102672.40,xx9001,Vehicle Expenses,expense,FuelStop,merchant_match,high
2025-04-29,Parking Authority,10.72,,102661.68,xx9002,Transport & Parking,expense,Parking Authority,merchant_match,high
2025-04-30,CityRail,7.31,,102654.37,xx9003,Transport & Parking,expense,CityRail,merchant_match,high
2025-05-01,Parking Authority,17.64,,102636.73,xx9002,Transport & Parking,expense,Parking Authority,merchant_match,high
2025-05-01,FibreNet Internet,85.00,,102551.73,xx9002,Communications & Internet,expense,FibreNet,merchant_match,high
2025-05-02,CityRail,7.10,,102544.63,xx9002,Transport & Parking,expense,CityRail,merchant_match,high
2025-05-03,BeanCo Coffee,10.85,,102533.78,xx9001,Dining Out & Takeaway,expense,BeanCo,merchant_match,high
2025-05-03,Council Rates,470.97,,102062.81,xx9003,Utilities & Rates,expense,Council Rates,merchant_match,high
2025-05-03,MedCentre,74.51,,101988.30,xx9001,Medical & Health,expense,MedCentre,merchant_match,high
2025-05-03,WineCellar,55.69,,101932.61,xx9002,Alcohol,expense,WineCellar,merchant_match,high
2025-05-03,Beauty Spa,77.18,,101855.43,xx9001,Personal Care,expense,Beauty Spa,merchant_match,high
2025-05-04,FreshMart Supermarket,156.85,,101698.58,xx9003,Groceries,expense,FreshMart,merchant_match,high
2025-05-04,Parking Authority,5.97,,101692.61,xx9001,Transport & Parking,expense,Parking Authority,merchant_match,high
2025-05-04,WaterCorp,126.61,,101566.00,xx9001,Utilities & Rates,expense,WaterCorp,merchant_match,high
2025-05-04,MedCentre,78.28,,101487.72,xx9003,Medical & Health,expense,MedCentre,merchant_match,high
2025-05-04,Fashion Outlet,96.49,,101391.23,xx9001,Clothing & Footwear,expense,Fashion Outlet,merchant_match,high
2025-05-05,Home Loan Repayment,920.00,,100471.23,xx9001,Housing – Mortgage,expense,Home Loan,mortgage_pattern,high
2025-05-05,Corner Grocer,48.33,,100422.90,xx9001,Groceries,expense,Corner Grocer,merchant_match,high
2025-05-05,CityRail,7.40,,100415.50,xx9002,Transport & Parking,expense,CityRail,merchant_match,high
2025-05-05,Charity Foundation,25.00,,100390.50,xx9001,Donations & Charity,expense,Charity Foundation,merchant_match,high
2025-05-06,Garden Nursery,28.65,,100361.85,xx9003,Home & Garden,expense,Garden Nursery,merchant_match,high
2025-05-07,Salary Employer A,,3557.08,103918.93,xx9001,INCOME,income,Employer A — Wage,income_match,high
2025-05-07,Salary Employer B,,3042.58,106961.51,xx9001,INCOME,income,Employer B — Wage,income_match,high
2025-05-07,Corner Grocer,54.09,,106907.42,xx9002,Groceries,expense,Corner Grocer,merchant_match,high
2025-05-07,BeanCo Coffee,15.15,,106892.27,xx9002,Dining Out & Takeaway,expense,BeanCo,merchant_match,high
2025-05-08,FreshMart Supermarket,139.46,,106752.81,xx9003,Groceries,expense,FreshMart,merchant_match,high
2025-05-08,Corner Grocer,36.62,,106716.19,xx9003,Groceries,expense,Corner Grocer,merchant_match,high
2025-05-08,Parking Authority,16.26,,106699.93,xx9002,Transport & Parking,expense,Parking Authority,merchant_match,high
2025-05-08,CityPharmacy,45.70,,106654.23,xx9001,Medical & Health,expense,CityPharmacy,merchant_match,high
2025-05-08,Mini Golf Co,52.61,,106601.62,xx9001,Social & Recreation,expense,Mini Golf Co,merchant_match,high
2025-05-08,BankFee,4.00,,106597.62,xx9001,Bank Fees,expense,BankFee,merchant_match,high
2025-05-09,FreshMart Supermarket,87.81,,106509.81,xx9003,Groceries,expense,FreshMart,merchant_match,high
2025-05-09,Corner Grocer,56.68,,106453.13,xx9003,Groceries,expense,Corner Grocer,merchant_match,high
2025-05-09,BeanCo Coffee,9.69,,106443.44,xx9003,Dining Out & Takeaway,expense,BeanCo,merchant_match,high
2025-05-09,CityRail,7.73,,106435.71,xx9002,Transport & Parking,expense,CityRail,merchant_match,high
2025-05-09,Parking Authority,13.79,,106421.92,xx9003,Transport & Parking,expense,Parking Authority,merchant_match,high
2025-05-09,BankFee,4.00,,106417.92,xx9003,Bank Fees,expense,BankFee,merchant_match,high
2025-05-10,FastFoods Drive-Thru,18.56,,106399.36,xx9003,Dining Out & Takeaway,expense,FastFoods,merchant_match,high
2025-05-10,CityRail,6.61,,106392.75,xx9003,Transport & Parking,expense,CityRail,merchant_match,high
2025-05-10,StreamFlix,19.00,,106373.75,xx9001,Media Subscriptions,expense,StreamFlix,merchant_match,high
2025-05-10,Australia Post,22.67,,106351.08,xx9003,Administrative & Post,expense,Australia Post,merchant_match,high
2025-05-12,Home Loan Repayment,920.00,,105431.08,xx9001,Housing – Mortgage,expense,Home Loan,mortgage_pattern,high
2025-05-12,FreshMart Supermarket,121.48,,105309.60,xx9003,Groceries,expense,FreshMart,merchant_match,high
2025-05-12,BeanCo Coffee,8.07,,105301.53,xx9003,Dining Out & Takeaway,expense,BeanCo,merchant_match,high
2025-05-12,AutoSure Car Insurance,98.72,,105202.81,xx9001,Insurance,expense,AutoSure,merchant_match,high
2025-05-12,PetSupplies Co,27.36,,105175.45,xx9001,Pet Expenses,expense,PetSupplies,merchant_match,high
2025-05-12,WineCellar,51.68,,105123.77,xx9003,Alcohol,expense,WineCellar,merchant_match,high
2025-05-13,FreshMart Supermarket,142.76,,104981.01,xx9001,Groceries,expense,FreshMart,merchant_match,high
2025-05-13,Corner Grocer,37.62,,104943.39,xx9001,Groceries,expense,Corner Grocer,merchant_match,high
2025-05-13,Pizza Palace,29.39,,104914.00,xx9003,Dining Out & Takeaway,expense,Pizza Palace,merchant_match,high
2025-05-13,CityRail,8.84,,104905.16,xx9002,Transport & Parking,expense,CityRail,merchant_match,high
2025-05-14,Corner Grocer,45.71,,104859.45,xx9002,Groceries,expense,Corner Grocer,merchant_match,high
2025-05-14,BeanCo Coffee,6.94,,104852.51,xx9003,Dining Out & Takeaway,expense,BeanCo,merchant_match,high
2025-05-14,FuelStop Petrol,82.42,,104770.09,xx9003,Vehicle Expenses,expense,FuelStop,merchant_match,high
2025-05-14,Fashion Outlet,105.96,,104664.13,xx9003,Clothing & Footwear,expense,Fashion Outlet,merchant_match,high
2025-05-15,BeanCo Coffee,7.59,,104656.54,xx9003,Dining Out & Takeaway,expense,BeanCo,merchant_match,high
2025-05-15,CityRail,7.43,,104649.11,xx9003,Transport & Parking,expense,CityRail,merchant_match,high
2025-05-15,Charity Foundation,25.00,,104624.11,xx9003,Donations & Charity,expense,Charity Foundation,merchant_match,high
2025-05-16,Corner Grocer,30.83,,104593.28,xx9003,Groceries,expense,Corner Grocer,merchant_match,high
2025-05-16,CinemaWorld,31.40,,104561.88,xx9003,Social & Recreation,expense,CinemaWorld,merchant_match,high
2025-05-17,FreshMart Supermarket,76.22,,104485.66,xx9003,Groceries,expense,FreshMart,merchant_match,high
2025-05-17,FastFoods Drive-Thru,13.60,,104472.06,xx9002,Dining Out & Takeaway,expense,FastFoods,merchant_match,high
2025-05-17,HomePower Utilities,265.55,,104206.51,xx9002,Utilities & Rates,expense,HomePower,merchant_match,high
2025-05-17,TechMegaStore,31.50,,104175.01,xx9001,Technology & Equipment,expense,TechMegaStore,merchant_match,high
2025-05-17,Charity Foundation,25.00,,104150.01,xx9001,Donations & Charity,expense,Charity Foundation,merchant_match,high
2025-05-18,FastFoods Drive-Thru,18.53,,104131.48,xx9001,Dining Out & Takeaway,expense,FastFoods,merchant_match,high
2025-05-18,LocalBrewery,51.39,,104080.09,xx9001,Alcohol,expense,LocalBrewery,merchant_match,high
2025-05-19,Home Loan Repayment,920.00,,103160.09,xx9001,Housing – Mortgage,expense,Home Loan,mortgage_pattern,high
2025-05-19,BeanCo Coffee,15.93,,103144.16,xx9001,Dining Out & Takeaway,expense,BeanCo,merchant_match,high
2025-05-19,FastFoods Drive-Thru,29.07,,103115.09,xx9001,Dining Out & Takeaway,expense,FastFoods,merchant_match,high
2025-05-19,Fashion Outlet,77.79,,103037.30,xx9003,Clothing & Footwear,expense,Fashion Outlet,merchant_match,high
2025-05-19,ShoeStore,113.72,,102923.58,xx9002,Clothing & Footwear,expense,ShoeStore,merchant_match,high
2025-05-19,Mini Golf Co,40.42,,102883.16,xx9003,Social & Recreation,expense,Mini Golf Co,merchant_match,high
2025-05-20,BeanCo Coffee,9.33,,102873.83,xx9002,Dining Out & Takeaway,expense,BeanCo,merchant_match,high
2025-05-20,CityRail,9.70,,102864.13,xx9003,Transport & Parking,expense,CityRail,merchant_match,high
2025-05-20,Parking Authority,12.09,,102852.04,xx9002,Transport & Parking,expense,Parking Authority,merchant_match,high
2025-05-21,Salary Employer A,,3331.64,106183.68,xx9001,INCOME,income,Employer A — Wage,income_match,high
2025-05-21,Salary Employer B,,2618.79,108802.47,xx9001,INCOME,income,Employer B — Wage,income_match,high
2025-05-21,Corner Grocer,52.32,,108750.15,xx9001,Groceries,expense,Corner Grocer,merchant_match,high
2025-05-21,FastFoods Drive-Thru,33.87,,108716.28,xx9003,Dining Out & Takeaway,expense,FastFoods,merchant_match,high
2025-05-21,Parking Authority,12.79,,108703.49,xx9001,Transport & Parking,expense,Parking Authority,merchant_match,high
2025-05-21,MedCentre,93.18,,108610.31,xx9001,Medical & Health,expense,MedCentre,merchant_match,high
2025-05-21,Charity Foundation,25.00,,108585.31,xx9003,Donations & Charity,expense,Charity Foundation,merchant_match,high
2025-05-22,FuelStop Petrol,82.14,,108503.17,xx9001,Vehicle Expenses,expense,FuelStop,merchant_match,high
2025-05-22,CityRail,7.33,,108495.84,xx9001,Transport & Parking,expense,CityRail,merchant_match,high
2025-05-22,CityPharmacy,27.23,,108468.61,xx9002,Medical & Health,expense,CityPharmacy,merchant_match,high
2025-05-22,Fashion Outlet,86.00,,108382.61,xx9003,Clothing & Footwear,expense,Fashion Outlet,merchant_match,high
2025-05-22,Birthday Gift Shop,78.16,,108304.45,xx9002,Gifts,expense,Birthday Gift Shop,merchant_match,high
2025-05-23,FreshMart Supermarket,83.68,,108220.77,xx9001,Groceries,expense,FreshMart,merchant_match,high
2025-05-23,BeanCo Coffee,15.62,,108205.15,xx9001,Dining Out & Takeaway,expense,BeanCo,merchant_match,high
2025-05-23,Pizza Palace,40.79,,108164.36,xx9003,Dining Out & Takeaway,expense,Pizza Palace,merchant_match,high
2025-05-23,FastFoods Drive-Thru,24.14,,108140.22,xx9002,Dining Out & Takeaway,expense,FastFoods,merchant_match,high
2025-05-23,CityRail,8.97,,108131.25,xx9002,Transport & Parking,expense,CityRail,merchant_match,high
2025-05-23,HealthShield Insurance,224.21,,107907.04,xx9002,Insurance,expense,HealthShield,merchant_match,high
2025-05-23,Big Box Hardware,49.13,,107857.91,xx9002,Home & Garden,expense,Big Box Hardware,merchant_match,high
2025-05-23,Australia Post,22.48,,107835.43,xx9001,Administrative & Post,expense,Australia Post,merchant_match,high
2025-05-24,Corner Grocer,58.76,,107776.67,xx9003,Groceries,expense,Corner Grocer,merchant_match,high
2025-05-24,FastFoods Drive-Thru,21.31,,107755.36,xx9003,Dining Out & Takeaway,expense,FastFoods,merchant_match,high
2025-05-24,Parking Authority,10.10,,107745.26,xx9001,Transport & Parking,expense,Parking Authority,merchant_match,high
2025-05-24,HealthShield Insurance,216.89,,107528.37,xx9002,Insurance,expense,HealthShield,merchant_match,high
2025-05-24,Fashion Outlet,87.96,,107440.41,xx9003,Clothing & Footwear,expense,Fashion Outlet,merchant_match,high
2025-05-24,WineCellar,49.85,,107390.56,xx9003,Alcohol,expense,WineCellar,merchant_match,high
2025-05-24,BankFee,4.00,,107386.56,xx9003,Bank Fees,expense,BankFee,merchant_match,high
2025-05-25,Corner Grocer,56.24,,107330.32,xx9002,Groceries,expense,Corner Grocer,merchant_match,high
2025-05-25,Pizza Palace,50.90,,107279.42,xx9001,Dining Out & Takeaway,expense,Pizza Palace,merchant_match,high
2025-05-25,FibreNet Internet,85.00,,107194.42,xx9001,Communications & Internet,expense,FibreNet,merchant_match,high
2025-05-26,Home Loan Repayment,920.00,,106274.42,xx9001,Housing – Mortgage,expense,Home Loan,mortgage_pattern,high
2025-05-26,BeanCo Coffee,9.62,,106264.80,xx9001,Dining Out & Takeaway,expense,BeanCo,merchant_match,high
2025-05-26,Pizza Palace,30.27,,106234.53,xx9001,Dining Out & Takeaway,expense,Pizza Palace,merchant_match,high
2025-05-26,CityRail,15.13,,106219.40,xx9002,Transport & Parking,expense,CityRail,merchant_match,high
2025-05-26,PetSupplies Co,50.35,,106169.05,xx9001,Pet Expenses,expense,PetSupplies,merchant_match,high
2025-05-26,Big Box Hardware,136.20,,106032.85,xx9003,Home & Garden,expense,Big Box Hardware,merchant_match,high
2025-05-27,CityRail,7.05,,106025.80,xx9002,Transport & Parking,expense,CityRail,merchant_match,high
2025-05-27,CinemaWorld,10.83,,106014.97,xx9003,Social & Recreation,expense,CinemaWorld,merchant_match,high
2025-05-27,Hairdresser,53.66,,105961.31,xx9002,Personal Care,expense,Hairdresser,merchant_match,high
2025-05-28,FreshMart Supermarket,117.39,,105843.92,xx9002,Groceries,expense,FreshMart,merchant_match,high
2025-05-28,BeanCo Coffee,10.52,,105833.40,xx9003,Dining Out & Takeaway,expense,BeanCo,merchant_match,high
2025-05-28,FuelStop Petrol,78.25,,105755.15,xx9003,Vehicle Expenses,expense,FuelStop,merchant_match,high
2025-05-28,Fashion Outlet,126.54,,105628.61,xx9002,Clothing & Footwear,expense,Fashion Outlet,merchant_match,high
2025-05-29,FreshMart Supermarket,103.66,,105524.95,xx9003,Groceries,expense,FreshMart,merchant_match,high
2025-05-29,Australia Post,9.59,,105515.36,xx9002,Administrative & Post,expense,Australia Post,merchant_match,high
2025-05-30,FreshMart Supermarket,120.50,,105394.86,xx9002,Groceries,expense,FreshMart,merchant_match,high
2025-05-30,Corner Grocer,41.15,,105353.71,xx9003,Groceries,expense,Corner Grocer,merchant_match,high
2025-05-30,FuelStop Petrol,91.61,,105262.10,xx9003,Vehicle Expenses,expense,FuelStop,merchant_match,high
2025-05-30,AutoSure Car Insurance,106.62,,105155.48,xx9001,Insurance,expense,AutoSure,merchant_match,high
2025-05-30,Big Box Hardware,145.46,,105010.02,xx9002,Home & Garden,expense,Big Box Hardware,merchant_match,high
2025-05-30,Charity Foundation,25.00,,104985.02,xx9002,Donations & Charity,expense,Charity Foundation,merchant_match,high
2025-05-31,FastFoods Drive-Thru,21.55,,104963.47,xx9001,Dining Out & Takeaway,expense,FastFoods,merchant_match,high
2025-05-31,FuelStop Petrol,83.36,,104880.11,xx9001,Vehicle Expenses,expense,FuelStop,merchant_match,high
2025-05-31,Parking Authority,15.22,,104864.89,xx9002,Transport & Parking,expense,Parking Authority,merchant_match,high
2025-05-31,WineCellar,79.13,,104785.76,xx9002,Alcohol,expense,WineCellar,merchant_match,high
2025-05-31,Mini Golf Co,43.08,,104742.68,xx9002,Social & Recreation,expense,Mini Golf Co,merchant_match,high
2025-05-31,TechMegaStore,151.63,,104591.05,xx9003,Technology & Equipment,expense,TechMegaStore,merchant_match,high
